,Stock Code,Stock Name,Industry Type,Date,Open,Close,Highest,Lowest,Volume,Turnover,Price Fluctuation,Price Change Rate,Price Change,Turnover Ratio,P/E Ratio(dynamic)
0,600000,浦发银行,银行,2023-10-09,6.76,6.71,6.76,6.68,277631,195214392.00,1.18,-1.03,-0.07,0.09,5.66
1,600000,浦发银行,银行,2023-10-10,6.81,6.69,6.82,6.69,240956,169856241.00,1.94,-0.30,-0.02,0.08,5.66
2,600000,浦发银行,银行,2023-10-11,6.74,6.70,6.76,6.69,240574,169371363.00,1.05,0.15,0.01,0.08,5.66
3,600000,浦发银行,银行,2023-10-12,6.77,6.82,6.85,6.74,363470,259223143.00,1.64,1.79,0.12,0.12,5.66
4,600000,浦发银行,银行,2023-10-13,6.79,6.78,6.83,6.76,196504,139771982.00,1.03,-0.59,-0.04,0.07,5.66
5,600000,浦发银行,银行,2023-10-16,6.80,6.75,6.81,6.72,249077,176097574.00,1.33,-0.44,-0.03,0.08,5.66
6,600000,浦发银行,银行,2023-10-17,6.77,6.77,6.78,6.73,190291,134630097.00,0.74,0.30,0.02,0.06,5.66
7,600000,浦发银行,银行,2023-10-18,6.75,6.73,6.79,6.73,214857,152063024.00,0.89,-0.59,-0.04,0.07,5.66
8,600000,浦发银行,银行,2023-10-19,6.72,6.52,6.73,6.51,616798,425956887.00,3.27,-3.12,-0.21,0.21,5.66
9,600000,浦发银行,银行,2023-10-20,6.49,6.55,6.61,6.48,310680,213203781.00,1.99,0.46,0.03,0.11,5.66
10,600000,浦发银行,银行,2023-10-23,6.55,6.51,6.57,6.48,238243,163199041.00,1.37,-0.61,-0.04,0.08,5.66
11,600000,浦发银行,银行,2023-10-24,6.53,6.50,6.54,6.49,281293,192108544.00,0.77,-0.15,-0.01,0.10,5.66
12,600000,浦发银行,银行,2023-10-25,6.54,6.61,6.61,6.51,268412,184734450.00,1.54,1.69,0.11,0.09,5.66
13,600000,浦发银行,银行,2023-10-26,6.61,6.64,6.70,6.57,247395,172369038.00,1.97,0.45,0.03,0.08,5.66
14,600000,浦发银行,银行,2023-10-27,6.64,6.67,6.70,6.62,194658,136008280.00,1.20,0.45,0.03,0.07,5.66
15,600000,浦发银行,银行,2023-10-30,6.54,6.48,6.57,6.45,523889,357184227.00,1.80,-2.85,-0.19,0.18,5.66
16,600000,浦发银行,银行,2023-10-31,6.47,6.50,6.52,6.46,261732,178254034.00,0.93,0.31,0.02,0.09,5.66
17,600000,浦发银行,银行,2023-11-01,6.51,6.54,6.56,6.48,282722,193451603.00,1.23,0.62,0.04,0.10,5.66
18,600000,浦发银行,银行,2023-11-02,6.58,6.62,6.63,6.54,246111,170407886.00,1.38,1.22,0.08,0.08,5.66
19,600000,浦发银行,银行,2023-11-03,6.62,6.57,6.63,6.57,222025,153480943.00,0.91,-0.76,-0.05,0.08,5.66
20,600000,浦发银行,银行,2023-11-06,6.57,6.62,6.64,6.57,194328,134702057.00,1.07,0.76,0.05,0.07,5.66
21,600000,浦发银行,银行,2023-11-07,6.60,6.59,6.62,6.57,159130,110004329.00,0.76,-0.45,-0.03,0.05,5.66
22,600000,浦发银行,银行,2023-11-08,6.58,6.58,6.60,6.55,177612,122454642.00,0.76,-0.15,-0.01,0.06,5.66
23,600000,浦发银行,银行,2023-11-09,6.58,6.61,6.64,6.56,219104,151983647.00,1.22,0.46,0.03,0.07,5.66
24,600000,浦发银行,银行,2023-11-10,6.59,6.56,6.64,6.54,204590,141085870.00,1.51,-0.76,-0.05,0.07,5.66
25,600000,浦发银行,银行,2023-11-13,6.56,6.56,6.58,6.50,141681,97098285.00,1.22,0.00,0.00,0.05,5.66
26,600000,浦发银行,银行,2023-11-14,6.55,6.56,6.59,6.55,137775,94936060.00,0.61,0.00,0.00,0.05,5.66
27,600000,浦发银行,银行,2023-11-15,6.61,6.64,6.67,6.59,243400,169286981.00,1.22,1.22,0.08,0.08,5.66
28,600000,浦发银行,银行,2023-11-16,6.65,6.61,6.66,6.60,144129,100069369.00,0.90,-0.45,-0.03,0.05,5.66
29,600000,浦发银行,银行,2023-11-17,6.62,6.54,6.62,6.53,207754,142782028.00,1.36,-1.06,-0.07,0.07,5.66
30,600000,浦发银行,银行,2023-11-20,6.56,6.59,6.60,6.51,183266,126204997.00,1.38,0.76,0.05,0.06,5.66
31,600000,浦发银行,银行,2023-11-21,6.62,6.64,6.68,6.60,296843,206909185.00,1.21,0.76,0.05,0.10,5.66
32,600000,浦发银行,银行,2023-11-22,6.65,6.62,6.67,6.62,175408,122178498.00,0.75,-0.30,-0.02,0.06,5.66
33,600000,浦发银行,银行,2023-11-23,6.61,6.61,6.64,6.57,157421,108872444.00,1.06,-0.15,-0.01,0.05,5.66
34,600000,浦发银行,银行,2023-11-24,6.61,6.63,6.66,6.60,201653,140204489.00,0.91,0.30,0.02,0.07,5.66
35,600000,浦发银行,银行,2023-11-27,6.64,6.58,6.65,6.54,231077,159319645.00,1.66,-0.75,-0.05,0.08,5.66
36,600000,浦发银行,银行,2023-11-28,6.60,6.55,6.60,6.54,182493,125495683.00,0.91,-0.46,-0.03,0.06,5.66
37,600000,浦发银行,银行,2023-11-29,6.56,6.50,6.56,6.48,284166,193955098.00,1.22,-0.76,-0.05,0.10,5.66
38,600000,浦发银行,银行,2023-11-30,6.50,6.53,6.57,6.50,317112,217508582.00,1.08,0.46,0.03,0.11,5.66
39,600000,浦发银行,银行,2023-12-01,6.53,6.53,6.58,6.50,289462,198723791.00,1.23,0.00,0.00,0.10,5.66
40,600000,浦发银行,银行,2023-12-04,6.54,6.49,6.55,6.49,188587,128887074.00,0.92,-0.61,-0.04,0.06,5.66
41,600000,浦发银行,银行,2023-12-05,6.50,6.39,6.50,6.37,346049,233696141.00,2.00,-1.54,-0.10,0.12,5.66
42,600000,浦发银行,银行,2023-12-06,6.38,6.29,6.39,6.29,398332,264013331.00,1.56,-1.56,-0.10,0.14,5.66
43,600000,浦发银行,银行,2023-12-07,6.29,6.29,6.32,6.21,305417,201249909.00,1.75,0.00,0.00,0.10,5.66
44,600000,浦发银行,银行,2023-12-08,6.28,6.35,6.36,6.26,295197,196385672.00,1.59,0.95,0.06,0.10,5.66
45,600000,浦发银行,银行,2023-12-11,6.32,6.40,6.40,6.21,336164,222209869.00,2.99,0.79,0.05,0.11,5.66
46,600000,浦发银行,银行,2023-12-12,6.36,6.39,6.41,6.32,170036,113954198.00,1.41,-0.16,-0.01,0.06,5.66
47,600000,浦发银行,银行,2023-12-13,6.38,6.39,6.43,6.35,286834,192579846.00,1.25,0.00,0.00,0.10,5.66
48,600000,浦发银行,银行,2023-12-14,6.38,6.32,6.40,6.31,198631,132441281.00,1.41,-1.10,-0.07,0.07,5.66
49,600000,浦发银行,银行,2023-12-15,6.34,6.25,6.38,6.25,337030,223425092.00,2.06,-1.11,-0.07,0.11,5.66
50,600000,浦发银行,银行,2023-12-18,6.25,6.26,6.29,6.19,275238,180979297.00,1.60,0.16,0.01,0.09,5.66
51,600000,浦发银行,银行,2023-12-19,6.26,6.24,6.27,6.21,189885,124564888.00,0.96,-0.32,-0.02,0.06,5.66
52,600000,浦发银行,银行,2023-12-20,6.26,6.21,6.30,6.21,193699,127359291.00,1.44,-0.48,-0.03,0.07,5.66
53,600000,浦发银行,银行,2023-12-21,6.20,6.25,6.27,6.17,281409,184156560.00,1.61,0.64,0.04,0.10,5.66
54,600000,浦发银行,银行,2023-12-22,6.25,6.26,6.29,6.21,235893,155129803.00,1.28,0.16,0.01,0.08,5.66
55,600000,浦发银行,银行,2023-12-25,6.24,6.26,6.29,6.23,129043,84908528.00,0.96,0.00,0.00,0.04,5.66
56,600000,浦发银行,银行,2023-12-26,6.25,6.24,6.28,6.22,119345,78321376.00,0.96,-0.32,-0.02,0.04,5.66
57,600000,浦发银行,银行,2023-12-27,6.24,6.28,6.29,6.19,184227,120867594.00,1.60,0.64,0.04,0.06,5.66
58,600000,浦发银行,银行,2023-12-28,6.28,6.36,6.37,6.27,348027,231691608.00,1.59,1.27,0.08,0.12,5.66
59,600000,浦发银行,银行,2023-12-29,6.34,6.30,6.38,6.29,338014,224306297.00,1.42,-0.94,-0.06,0.12,5.66
60,600000,浦发银行,银行,2024-01-02,6.31,6.28,6.33,6.28,220667,146066304.00,0.79,-0.32,-0.02,0.08,5.66
61,600000,浦发银行,银行,2024-01-03,6.27,6.32,6.33,6.27,182037,120639706.00,0.96,0.64,0.04,0.06,5.66
62,600000,浦发银行,银行,2024-01-04,6.32,6.30,6.35,6.23,288860,190580610.00,1.90,-0.32,-0.02,0.10,5.66
63,600000,浦发银行,银行,2024-01-05,6.28,6.36,6.44,6.27,444214,296976886.00,2.70,0.95,0.06,0.15,5.66
64,600000,浦发银行,银行,2024-01-08,6.36,6.27,6.39,6.24,375203,247977825.00,2.36,-1.42,-0.09,0.13,5.66
65,600000,浦发银行,银行,2024-01-09,6.28,6.29,6.32,6.22,307419,202647646.00,1.59,0.32,0.02,0.10,5.66
66,600000,浦发银行,银行,2024-01-10,6.29,6.25,6.31,6.25,222409,146695926.00,0.95,-0.64,-0.04,0.08,5.66
67,600000,浦发银行,银行,2024-01-11,6.24,6.21,6.27,6.20,359147,235312058.00,1.12,-0.64,-0.04,0.12,5.66
68,600000,浦发银行,银行,2024-01-12,6.20,6.18,6.24,6.18,346241,225743841.00,0.97,-0.48,-0.03,0.12,5.66
69,600000,浦发银行,银行,2024-01-15,6.18,6.19,6.22,6.15,286942,186476698.00,1.13,0.16,0.01,0.10,5.66
70,600000,浦发银行,银行,2024-01-16,6.17,6.27,6.28,6.17,531865,348808283.00,1.78,1.29,0.08,0.18,5.66
71,600000,浦发银行,银行,2024-01-17,6.26,6.21,6.30,6.20,482499,316982892.00,1.59,-0.96,-0.06,0.16,5.66
72,600000,浦发银行,银行,2024-01-18,6.21,6.24,6.26,6.04,739944,477803910.00,3.54,0.48,0.03,0.25,5.66
73,600000,浦发银行,银行,2024-01-19,6.20,6.27,6.30,6.15,576401,378165075.00,2.40,0.48,0.03,0.20,5.66
74,600000,浦发银行,银行,2024-01-22,6.26,6.27,6.35,6.21,671735,445086465.00,2.23,0.00,0.00,0.23,5.66
75,600000,浦发银行,银行,2024-01-23,6.26,6.30,6.33,6.18,332985,218923249.00,2.39,0.48,0.03,0.11,5.66
76,600000,浦发银行,银行,2024-01-24,6.32,6.39,6.41,6.28,537465,358343157.00,2.06,1.43,0.09,0.18,5.66
77,600000,浦发银行,银行,2024-01-25,6.41,6.45,6.48,6.38,502569,339203853.00,1.56,0.94,0.06,0.17,5.66
78,600000,浦发银行,银行,2024-01-26,6.46,6.55,6.59,6.43,709979,485347721.00,2.48,1.55,0.10,0.24,5.66
79,600000,浦发银行,银行,2024-01-29,6.54,6.58,6.65,6.53,552699,381908899.00,1.83,0.46,0.03,0.19,5.66
80,600000,浦发银行,银行,2024-01-30,6.58,6.51,6.63,6.50,407370,280193766.00,1.98,-1.06,-0.07,0.14,5.66
81,600000,浦发银行,银行,2024-01-31,6.49,6.51,6.56,6.42,456620,311141441.00,2.15,0.00,0.00,0.16,5.66
82,600000,浦发银行,银行,2024-02-01,6.51,6.48,6.56,6.46,442524,302115560.00,1.54,-0.46,-0.03,0.15,5.66
83,600000,浦发银行,银行,2024-02-02,6.50,6.52,6.60,6.40,594829,407459710.00,3.09,0.62,0.04,0.20,5.66
84,600000,浦发银行,银行,2024-02-05,6.52,6.57,6.60,6.44,827137,566786780.00,2.45,0.77,0.05,0.28,5.66
85,600000,浦发银行,银行,2024-02-06,6.57,6.68,6.68,6.54,716832,498307471.00,2.13,1.67,0.11,0.24,5.66
86,600000,浦发银行,银行,2024-02-07,6.70,6.62,6.71,6.53,837313,580014441.00,2.69,-0.90,-0.06,0.29,5.66
87,600000,浦发银行,银行,2024-02-08,6.63,6.64,6.65,6.50,671647,463209888.00,2.27,0.30,0.02,0.23,5.66
88,600000,浦发银行,银行,2024-02-19,6.66,6.80,6.81,6.63,578698,407648425.00,2.71,2.41,0.16,0.20,5.66
89,600000,浦发银行,银行,2024-02-20,6.81,6.78,6.83,6.74,324090,230505757.00,1.32,-0.29,-0.02,0.11,5.66
90,600000,浦发银行,银行,2024-02-21,6.79,6.92,7.00,6.77,588096,426038720.00,3.39,2.06,0.14,0.20,5.66
91,600000,浦发银行,银行,2024-02-22,6.92,6.89,6.95,6.86,336652,242967428.00,1.30,-0.43,-0.03,0.11,5.66
92,600000,浦发银行,银行,2024-02-23,6.89,6.96,7.01,6.88,379396,276331224.00,1.89,1.02,0.07,0.13,5.66
93,600000,浦发银行,银行,2024-02-26,6.94,6.78,6.96,6.77,424831,304097864.00,2.73,-2.59,-0.18,0.14,5.66
94,600000,浦发银行,银行,2024-02-27,6.75,6.82,6.83,6.74,248622,176742732.00,1.33,0.59,0.04,0.08,5.66
95,600000,浦发银行,银行,2024-02-28,6.80,6.78,6.84,6.76,358267,255229186.00,1.17,-0.59,-0.04,0.12,5.66
96,600000,浦发银行,银行,2024-02-29,6.79,6.83,6.85,6.77,342882,244498953.00,1.18,0.74,0.05,0.12,5.66
97,600000,浦发银行,银行,2024-03-01,6.81,6.79,6.84,6.78,294318,209474048.00,0.88,-0.59,-0.04,0.10,5.66
98,600000,浦发银行,银行,2024-03-04,6.80,6.75,6.80,6.73,278560,197157050.00,1.03,-0.59,-0.04,0.09,5.66
99,600000,浦发银行,银行,2024-03-05,6.73,6.84,6.86,6.72,417562,297676104.00,2.07,1.33,0.09,0.14,5.66
100,600000,浦发银行,银行,2024-03-06,6.85,6.80,6.90,6.80,259187,185847810.00,1.46,-0.58,-0.04,0.09,5.66
101,600000,浦发银行,银行,2024-03-07,6.80,6.82,6.88,6.79,246903,176664369.00,1.32,0.29,0.02,0.08,5.66
102,600000,浦发银行,银行,2024-03-08,6.80,6.80,6.85,6.79,198618,141724066.00,0.88,-0.29,-0.02,0.07,5.66
103,600000,浦发银行,银行,2024-03-11,6.81,6.79,6.85,6.74,261955,185957986.00,1.62,-0.15,-0.01,0.09,5.66
104,600000,浦发银行,银行,2024-03-12,6.79,6.78,6.83,6.76,290305,206425806.00,1.03,-0.15,-0.01,0.10,5.66
105,600000,浦发银行,银行,2024-03-13,6.80,6.72,6.80,6.71,259485,183084895.00,1.33,-0.88,-0.06,0.09,5.66
106,600000,浦发银行,银行,2024-03-14,6.72,6.72,6.77,6.71,187036,131973016.00,0.89,0.00,0.00,0.06,5.66
107,600000,浦发银行,银行,2024-03-15,6.72,6.77,6.77,6.71,295995,208970012.00,0.89,0.74,0.05,0.10,5.66
108,600000,浦发银行,银行,2024-03-18,6.74,6.77,6.81,6.74,265585,188382260.00,1.03,0.00,0.00,0.09,5.66
109,600000,浦发银行,银行,2024-03-19,6.76,6.69,6.76,6.69,228487,160809198.00,1.03,-1.18,-0.08,0.08,5.66
110,600000,浦发银行,银行,2024-03-20,6.69,6.71,6.74,6.66,195430,137292232.00,1.20,0.30,0.02,0.07,5.66
111,600000,浦发银行,银行,2024-03-21,6.74,6.78,6.81,6.71,419249,297257990.00,1.49,1.04,0.07,0.14,5.66
112,600000,浦发银行,银行,2024-03-22,6.76,6.72,6.80,6.64,359605,252638802.00,2.36,-0.88,-0.06,0.12,5.66
113,600000,浦发银行,银行,2024-03-25,6.74,6.74,6.77,6.69,244395,172644827.00,1.19,0.30,0.02,0.08,5.66
114,600000,浦发银行,银行,2024-03-26,6.77,6.83,6.83,6.75,351115,250044910.00,1.19,1.34,0.09,0.12,5.66
115,600000,浦发银行,银行,2024-03-27,6.82,6.85,6.91,6.79,419431,301380700.00,1.76,0.29,0.02,0.14,5.66
116,600000,浦发银行,银行,2024-03-28,6.87,6.85,6.88,6.79,345360,246970623.00,1.31,0.00,0.00,0.12,5.66
117,600000,浦发银行,银行,2024-03-29,6.81,6.81,6.87,6.79,181389,129562451.00,1.17,-0.58,-0.04,0.06,5.66
118,600000,浦发银行,银行,2024-04-01,6.83,6.91,6.92,6.82,360288,259657244.00,1.47,1.47,0.10,0.12,5.66
119,600000,浦发银行,银行,2024-04-02,6.92,6.95,6.99,6.90,350952,255236210.00,1.30,0.58,0.04,0.12,5.66
120,600000,浦发银行,银行,2024-04-03,6.91,6.91,6.96,6.87,252541,182860244.00,1.29,-0.58,-0.04,0.09,5.66
121,600000,浦发银行,银行,2024-04-08,6.91,6.96,7.00,6.87,327645,238582732.00,1.88,0.72,0.05,0.11,5.66
122,600000,浦发银行,银行,2024-04-09,6.97,6.94,7.00,6.93,203355,147972234.00,1.01,-0.29,-0.02,0.07,5.66
123,600000,浦发银行,银行,2024-04-10,6.94,6.95,7.01,6.91,224367,163551937.00,1.44,0.14,0.01,0.08,5.66
124,600000,浦发银行,银行,2024-04-11,6.91,6.92,6.96,6.87,253642,183441392.00,1.29,-0.43,-0.03,0.09,5.66
125,600000,浦发银行,银行,2024-04-12,6.88,6.81,6.94,6.80,328097,235493710.00,2.02,-1.59,-0.11,0.11,5.66
126,600000,浦发银行,银行,2024-04-15,6.80,6.98,6.98,6.80,483103,350007626.00,2.64,2.50,0.17,0.16,5.66
127,600000,浦发银行,银行,2024-04-16,6.93,6.94,7.00,6.89,402033,292494126.00,1.58,-0.57,-0.04,0.14,5.66
128,600000,浦发银行,银行,2024-04-17,6.94,7.02,7.03,6.86,431519,314102077.00,2.45,1.15,0.08,0.15,5.66
129,600000,浦发银行,银行,2024-04-18,7.02,7.01,7.14,6.99,468225,345482146.00,2.14,-0.14,-0.01,0.16,5.66
130,600000,浦发银行,银行,2024-04-19,7.00,7.02,7.08,6.94,380042,278975860.00,2.00,0.14,0.01,0.13,5.66
131,600000,浦发银行,银行,2024-04-22,7.04,6.97,7.11,6.96,326947,240124244.00,2.14,-0.71,-0.05,0.11,5.66
132,600000,浦发银行,银行,2024-04-23,7.00,7.02,7.08,6.93,440556,323208600.00,2.15,0.72,0.05,0.15,5.66
133,600000,浦发银行,银行,2024-04-24,7.06,7.04,7.08,6.98,247589,181997245.00,1.42,0.28,0.02,0.08,5.66
134,600000,浦发银行,银行,2024-04-25,7.01,7.09,7.10,6.99,246769,182019255.00,1.56,0.71,0.05,0.08,5.66
135,600000,浦发银行,银行,2024-04-26,7.09,7.10,7.16,7.03,458466,339924206.00,1.83,0.14,0.01,0.16,5.66
136,600000,浦发银行,银行,2024-04-29,7.07,7.10,7.20,6.98,393178,292685761.00,3.10,0.00,0.00,0.13,5.66
137,600000,浦发银行,银行,2024-04-30,7.26,7.38,7.52,7.24,1054728,813284484.00,3.94,3.94,0.28,0.36,5.66
138,600000,浦发银行,银行,2024-05-06,7.50,7.53,7.57,7.43,859373,673787209.00,1.90,2.03,0.15,0.29,5.66
139,600000,浦发银行,银行,2024-05-07,7.53,7.50,7.54,7.40,462695,360376178.00,1.86,-0.40,-0.03,0.16,5.66
140,600000,浦发银行,银行,2024-05-08,7.49,7.48,7.53,7.46,303779,237540800.00,0.93,-0.27,-0.02,0.10,5.66
141,600000,浦发银行,银行,2024-05-09,7.48,7.48,7.53,7.44,339421,264867396.00,1.20,0.00,0.00,0.12,5.66
142,600000,浦发银行,银行,2024-05-10,7.49,7.62,7.63,7.48,522116,412342285.00,2.01,1.87,0.14,0.18,5.66
143,600000,浦发银行,银行,2024-05-13,7.61,7.64,7.66,7.55,404221,320678361.00,1.44,0.26,0.02,0.14,5.66
144,600000,浦发银行,银行,2024-05-14,7.65,7.56,7.66,7.54,398436,314999430.00,1.57,-1.05,-0.08,0.14,5.66
145,600000,浦发银行,银行,2024-05-15,7.58,7.57,7.61,7.52,310391,244683418.00,1.19,0.13,0.01,0.11,5.66
146,600000,浦发银行,银行,2024-05-16,7.60,7.70,7.73,7.56,606587,485813395.00,2.25,1.72,0.13,0.21,5.66
147,600000,浦发银行,银行,2024-05-17,7.72,7.84,7.84,7.68,694381,561342802.00,2.08,1.82,0.14,0.24,5.66
148,600000,浦发银行,银行,2024-05-20,7.88,8.00,8.03,7.83,881450,731104374.00,2.55,2.04,0.16,0.30,5.66
149,600000,浦发银行,银行,2024-05-21,7.99,8.10,8.10,7.94,531463,445171663.00,2.00,1.25,0.10,0.18,5.66
150,600000,浦发银行,银行,2024-05-22,8.09,8.21,8.30,8.06,711732,605588076.00,2.96,1.36,0.11,0.24,5.66
151,600000,浦发银行,银行,2024-05-23,8.20,8.20,8.28,8.16,612123,522802575.00,1.46,-0.12,-0.01,0.21,5.66
152,600000,浦发银行,银行,2024-05-24,8.19,8.12,8.27,8.09,607406,516406884.00,2.20,-0.98,-0.08,0.21,5.66
153,600000,浦发银行,银行,2024-05-27,8.13,8.22,8.24,8.11,528587,449932564.00,1.60,1.23,0.10,0.18,5.66
154,600000,浦发银行,银行,2024-05-28,8.26,8.22,8.32,8.19,400473,342904480.00,1.58,0.00,0.00,0.14,5.66
155,600000,浦发银行,银行,2024-05-29,8.21,8.17,8.27,8.13,408024,347290250.00,1.70,-0.61,-0.05,0.14,5.66
156,600000,浦发银行,银行,2024-05-30,8.15,8.08,8.23,8.04,567016,479146211.00,2.33,-1.10,-0.09,0.19,5.66
157,600000,浦发银行,银行,2024-05-31,8.13,8.02,8.13,7.99,537973,449689002.00,1.73,-0.74,-0.06,0.18,5.66
158,600000,浦发银行,银行,2024-06-03,7.98,7.96,8.01,7.87,602137,496075056.00,1.75,-0.75,-0.06,0.21,5.66
159,600000,浦发银行,银行,2024-06-04,7.96,8.00,8.02,7.91,398005,330354916.00,1.38,0.50,0.04,0.14,5.66
160,600000,浦发银行,银行,2024-06-05,8.01,7.97,8.02,7.94,312958,259659811.00,1.00,-0.38,-0.03,0.11,5.66
161,600000,浦发银行,银行,2024-06-06,7.99,7.93,8.03,7.92,341496,283171544.00,1.38,-0.50,-0.04,0.12,5.66
162,600000,浦发银行,银行,2024-06-07,8.00,7.99,8.06,7.88,414517,344132159.00,2.27,0.76,0.06,0.14,5.66
163,600000,浦发银行,银行,2024-06-11,8.02,7.83,8.04,7.79,411324,337102415.00,3.13,-2.00,-0.16,0.14,5.66
164,600000,浦发银行,银行,2024-06-12,7.83,7.79,7.85,7.72,386177,312851351.00,1.66,-0.51,-0.04,0.13,5.66
165,600000,浦发银行,银行,2024-06-13,7.78,7.81,7.88,7.77,404337,329399974.00,1.41,0.26,0.02,0.14,5.66
166,600000,浦发银行,银行,2024-06-14,7.78,7.82,7.86,7.67,444630,359834402.00,2.43,0.13,0.01,0.15,5.66
167,600000,浦发银行,银行,2024-06-17,7.83,7.78,7.84,7.71,362784,293415748.00,1.66,-0.51,-0.04,0.12,5.66
168,600000,浦发银行,银行,2024-06-18,7.78,7.77,7.83,7.70,328762,265920571.00,1.67,-0.13,-0.01,0.11,5.66
169,600000,浦发银行,银行,2024-06-19,7.78,7.90,7.94,7.77,406051,332732412.00,2.19,1.67,0.13,0.14,5.66
170,600000,浦发银行,银行,2024-06-20,7.86,7.88,7.94,7.83,256623,210632866.00,1.39,-0.25,-0.02,0.09,5.66
171,600000,浦发银行,银行,2024-06-21,7.88,7.85,7.91,7.80,400114,327124974.00,1.40,-0.38,-0.03,0.14,5.66
172,600000,浦发银行,银行,2024-06-24,7.87,7.83,7.88,7.71,370467,301011768.00,2.17,-0.25,-0.02,0.13,5.66
173,600000,浦发银行,银行,2024-06-25,7.86,7.88,7.93,7.77,398181,326580576.00,2.04,0.64,0.05,0.14,5.66
174,600000,浦发银行,银行,2024-06-26,7.88,7.89,7.91,7.81,335637,274593635.00,1.27,0.13,0.01,0.11,5.66
175,600000,浦发银行,银行,2024-06-27,7.89,7.90,7.98,7.81,445615,366021816.00,2.15,0.13,0.01,0.15,5.66
176,600000,浦发银行,银行,2024-06-28,7.90,7.91,7.97,7.85,377997,311360174.00,1.52,0.13,0.01,0.13,5.66
177,600000,浦发银行,银行,2024-07-01,7.90,7.96,7.98,7.88,287330,237294502.00,1.26,0.63,0.05,0.10,5.66
178,600000,浦发银行,银行,2024-07-02,7.95,8.21,8.22,7.95,573458,485897424.00,3.39,3.14,0.25,0.20,5.66
179,600000,浦发银行,银行,2024-07-03,8.21,8.21,8.28,8.16,464097,396512668.00,1.46,0.00,0.00,0.16,5.66
180,600000,浦发银行,银行,2024-07-04,8.27,8.18,8.31,8.16,444121,379773335.00,1.83,-0.37,-0.03,0.15,5.66
181,600000,浦发银行,银行,2024-07-05,8.22,8.02,8.23,7.97,519970,436429581.00,3.18,-1.96,-0.16,0.18,5.66
182,600000,浦发银行,银行,2024-07-08,8.02,8.11,8.17,7.94,453208,381472461.00,2.87,1.12,0.09,0.15,5.66
183,600000,浦发银行,银行,2024-07-09,8.15,8.32,8.34,8.09,545342,466546717.00,3.08,2.59,0.21,0.19,5.66
184,600000,浦发银行,银行,2024-07-10,8.32,8.37,8.40,8.28,406046,352263036.00,1.44,0.60,0.05,0.14,5.66
185,600000,浦发银行,银行,2024-07-11,8.39,8.28,8.41,8.24,349462,301339421.00,2.03,-1.08,-0.09,0.12,5.66
186,600000,浦发银行,银行,2024-07-12,8.31,8.52,8.53,8.29,572677,503070724.00,2.90,2.90,0.24,0.20,5.66
187,600000,浦发银行,银行,2024-07-15,8.51,8.56,8.59,8.48,461915,409364220.00,1.29,0.47,0.04,0.16,5.66
188,600000,浦发银行,银行,2024-07-16,8.55,8.54,8.63,8.50,446803,397093120.00,1.52,-0.23,-0.02,0.15,5.66
189,600000,浦发银行,银行,2024-07-17,8.58,8.72,8.75,8.54,881193,794489956.00,2.46,2.11,0.18,0.30,5.66
190,600000,浦发银行,银行,2024-07-18,8.75,8.77,8.78,8.61,662095,575924982.00,1.95,0.57,0.05,0.23,5.66
191,600000,浦发银行,银行,2024-07-19,8.79,8.73,8.79,8.62,619413,539610903.00,1.94,-0.46,-0.04,0.21,5.66
192,600000,浦发银行,银行,2024-07-22,8.71,8.58,8.73,8.52,632289,543154122.00,2.41,-1.72,-0.15,0.22,5.66
193,600000,浦发银行,银行,2024-07-23,8.62,8.59,8.69,8.59,411815,356167715.00,1.17,0.12,0.01,0.14,5.66
194,600000,浦发银行,银行,2024-07-24,8.61,8.55,8.68,8.54,375517,322441687.00,1.63,-0.47,-0.04,0.13,5.66
195,600000,浦发银行,银行,2024-07-25,8.58,8.52,8.58,8.32,601561,508007084.00,3.04,-0.35,-0.03,0.20,5.66
196,600000,浦发银行,银行,2024-07-26,8.48,8.33,8.52,8.24,493590,411165380.00,3.29,-2.23,-0.19,0.17,5.66
197,600000,浦发银行,银行,2024-07-29,8.33,8.53,8.57,8.30,464638,395067013.00,3.24,2.40,0.20,0.16,5.66
198,600000,浦发银行,银行,2024-07-30,8.54,8.39,8.54,8.36,405843,341513550.00,2.11,-1.64,-0.14,0.14,5.66
199,600000,浦发银行,银行,2024-07-31,8.45,8.40,8.46,8.35,434296,365181480.00,1.31,0.12,0.01,0.15,5.66
200,600000,浦发银行,银行,2024-08-01,8.40,8.57,8.61,8.34,545602,464982610.00,3.21,2.02,0.17,0.19,5.66
201,600000,浦发银行,银行,2024-08-02,8.56,8.47,8.60,8.40,313615,266363129.00,2.33,-1.17,-0.10,0.11,5.66
202,600000,浦发银行,银行,2024-08-05,8.47,8.38,8.52,8.35,411788,346404332.00,2.01,-1.06,-0.09,0.14,5.66
203,600000,浦发银行,银行,2024-08-06,8.43,8.24,8.45,8.19,416041,344150545.00,3.10,-1.67,-0.14,0.14,5.66
204,600000,浦发银行,银行,2024-08-07,8.23,8.31,8.37,8.22,265422,220186459.00,1.82,0.85,0.07,0.09,5.66
205,600000,浦发银行,银行,2024-08-08,8.36,8.38,8.45,8.29,276691,231992004.00,1.93,0.84,0.07,0.09,5.66
206,600000,浦发银行,银行,2024-08-09,8.41,8.53,8.60,8.41,391201,334119265.00,2.27,1.79,0.15,0.13,5.66
207,600000,浦发银行,银行,2024-08-12,8.51,8.58,8.63,8.49,292500,250903225.00,1.64,0.59,0.05,0.10,5.66
208,600000,浦发银行,银行,2024-08-13,8.56,8.59,8.67,8.54,272116,234443969.00,1.52,0.12,0.01,0.09,5.66
209,600000,浦发银行,银行,2024-08-14,8.63,8.57,8.65,8.54,211457,181445555.00,1.28,-0.23,-0.02,0.07,5.66
210,600000,浦发银行,银行,2024-08-15,8.51,8.74,8.75,8.51,450662,392033450.00,2.80,1.98,0.17,0.15,5.66
211,600000,浦发银行,银行,2024-08-16,8.74,8.85,8.86,8.70,375669,331065667.00,1.83,1.26,0.11,0.13,5.66
212,600000,浦发银行,银行,2024-08-19,8.86,9.02,9.03,8.84,589380,528390434.00,2.15,1.92,0.17,0.20,5.66
213,600000,浦发银行,银行,2024-08-20,9.01,8.91,9.07,8.88,501888,449704844.00,2.11,-1.22,-0.11,0.17,5.66
214,600000,浦发银行,银行,2024-08-21,8.91,8.96,9.04,8.82,436281,390145317.00,2.47,0.56,0.05,0.15,5.66
215,600000,浦发银行,银行,2024-08-22,8.96,9.01,9.07,8.93,362643,327034943.00,1.56,0.56,0.05,0.12,5.66
216,600000,浦发银行,银行,2024-08-23,9.01,9.00,9.04,8.90,316987,284739205.00,1.55,-0.11,-0.01,0.11,5.66
217,600000,浦发银行,银行,2024-08-26,9.00,8.88,9.00,8.83,514446,457039669.00,1.89,-1.33,-0.12,0.18,5.66
218,600000,浦发银行,银行,2024-08-27,8.87,8.88,8.94,8.82,306834,272898056.00,1.35,0.00,0.00,0.10,5.66
219,600000,浦发银行,银行,2024-08-28,8.92,8.82,8.93,8.76,325285,287017718.00,1.91,-0.68,-0.06,0.11,5.66
220,600000,浦发银行,银行,2024-08-29,8.82,8.55,8.83,8.53,509496,438959414.00,3.40,-3.06,-0.27,0.17,5.66
221,600000,浦发银行,银行,2024-08-30,8.54,8.43,8.62,8.38,683544,579069797.00,2.81,-1.40,-0.12,0.23,5.66
222,600000,浦发银行,银行,2024-09-02,8.37,8.39,8.50,8.35,421786,355164736.00,1.78,-0.47,-0.04,0.14,5.66
223,600000,浦发银行,银行,2024-09-03,8.38,8.25,8.43,8.20,412572,340798502.00,2.74,-1.67,-0.14,0.14,5.66
224,600000,浦发银行,银行,2024-09-04,8.29,8.32,8.37,8.23,341872,284531822.00,1.70,0.85,0.07,0.12,5.66
225,600000,浦发银行,银行,2024-09-05,8.38,8.32,8.41,8.23,361767,300240961.00,2.16,0.00,0.00,0.12,5.66
226,600000,浦发银行,银行,2024-09-06,8.33,8.43,8.51,8.32,322937,273118542.00,2.28,1.32,0.11,0.11,5.66
227,600000,浦发银行,银行,2024-09-09,8.44,8.38,8.47,8.32,342904,287989234.00,1.78,-0.59,-0.05,0.12,5.66
228,600000,浦发银行,银行,2024-09-10,8.38,8.50,8.53,8.29,396941,333986132.00,2.86,1.43,0.12,0.14,5.66
229,600000,浦发银行,银行,2024-09-11,8.48,8.25,8.49,8.21,293960,244556166.00,3.29,-2.94,-0.25,0.10,5.66
230,600000,浦发银行,银行,2024-09-12,8.21,8.47,8.49,8.19,431281,362723423.00,3.64,2.67,0.22,0.15,5.66
231,600000,浦发银行,银行,2024-09-13,8.50,8.35,8.51,8.32,284111,238422069.00,2.24,-1.42,-0.12,0.10,5.66
232,600000,浦发银行,银行,2024-09-18,8.35,8.32,8.45,8.26,201394,167778133.00,2.28,-0.36,-0.03,0.07,5.66
233,600000,浦发银行,银行,2024-09-19,8.37,8.52,8.53,8.30,391638,330778714.00,2.76,2.40,0.20,0.13,5.66
234,600000,浦发银行,银行,2024-09-20,8.49,8.51,8.57,8.43,428723,364859462.00,1.64,-0.12,-0.01,0.15,5.66
235,600000,浦发银行,银行,2024-09-23,8.53,8.63,8.65,8.46,300239,257517875.00,2.23,1.41,0.12,0.10,5.66
236,600000,浦发银行,银行,2024-09-24,8.75,9.09,9.09,8.66,892080,795774265.00,4.98,5.33,0.46,0.30,5.66
237,600000,浦发银行,银行,2024-09-25,9.27,9.49,9.55,9.25,1190635,1125665675.00,3.30,4.40,0.40,0.41,5.66
238,600000,浦发银行,银行,2024-09-26,9.50,9.84,9.84,9.43,898390,867160021.00,4.32,3.69,0.35,0.31,5.66
239,600000,浦发银行,银行,2024-09-27,9.99,9.87,10.08,9.60,570395,560481161.00,4.88,0.30,0.03,0.19,5.66
240,600000,浦发银行,银行,2024-09-30,10.06,10.13,10.29,9.82,1883756,1892937392.00,4.76,2.63,0.26,0.64,5.66
241,600004,白云机场,航空机场,2023-10-09,11.10,10.72,11.10,10.65,257050,278338632.00,4.04,-3.68,-0.41,1.09,27.87
242,600004,白云机场,航空机场,2023-10-10,10.72,10.76,10.85,10.65,151864,164372310.00,1.87,0.37,0.04,0.64,27.87
243,600004,白云机场,航空机场,2023-10-11,10.77,10.66,10.81,10.60,134125,144191183.00,1.95,-0.93,-0.10,0.57,27.87
244,600004,白云机场,航空机场,2023-10-12,10.70,10.81,10.81,10.67,128474,139321429.00,1.31,1.41,0.15,0.54,27.87
245,600004,白云机场,航空机场,2023-10-13,10.73,10.66,10.76,10.62,80693,86637708.00,1.30,-1.39,-0.15,0.34,27.87
246,600004,白云机场,航空机场,2023-10-16,10.67,10.58,10.71,10.55,74274,79139049.00,1.50,-0.75,-0.08,0.31,27.87
247,600004,白云机场,航空机场,2023-10-17,10.60,10.61,10.63,10.51,69213,73683703.00,1.13,0.28,0.03,0.29,27.87
248,600004,白云机场,航空机场,2023-10-18,10.60,10.43,10.60,10.43,95381,100509777.00,1.60,-1.70,-0.18,0.40,27.87
249,600004,白云机场,航空机场,2023-10-19,10.40,10.32,10.48,10.27,94770,98907045.00,2.01,-1.05,-0.11,0.40,27.87
250,600004,白云机场,航空机场,2023-10-20,10.29,10.29,10.39,10.26,74416,77307355.00,1.26,-0.29,-0.03,0.31,27.87
251,600004,白云机场,航空机场,2023-10-23,10.24,10.12,10.26,10.05,107089,109395906.00,2.04,-1.65,-0.17,0.45,27.87
252,600004,白云机场,航空机场,2023-10-24,10.14,10.29,10.32,10.11,116974,120289204.00,2.08,1.68,0.17,0.49,27.87
253,600004,白云机场,航空机场,2023-10-25,10.36,10.51,10.55,10.36,126168,133202288.00,1.85,2.14,0.22,0.53,27.87
254,600004,白云机场,航空机场,2023-10-26,10.47,10.59,10.60,10.41,79258,83929507.00,1.81,0.76,0.08,0.33,27.87
255,600004,白云机场,航空机场,2023-10-27,10.61,10.76,10.77,10.58,115779,124684380.00,1.79,1.61,0.17,0.49,27.87
256,600004,白云机场,航空机场,2023-10-30,10.77,10.99,11.02,10.77,188340,207023415.00,2.32,2.14,0.23,0.80,27.87
257,600004,白云机场,航空机场,2023-10-31,10.95,10.52,10.96,10.46,291535,310669777.00,4.55,-4.28,-0.47,1.23,27.87
258,600004,白云机场,航空机场,2023-11-01,10.53,10.55,10.64,10.49,95656,101530535.00,1.43,0.29,0.03,0.40,27.87
259,600004,白云机场,航空机场,2023-11-02,10.55,10.47,10.57,10.43,79125,83579738.00,1.33,-0.76,-0.08,0.33,27.87
260,600004,白云机场,航空机场,2023-11-03,10.47,10.56,10.64,10.45,85840,91243940.00,1.81,0.86,0.09,0.36,27.87
261,600004,白云机场,航空机场,2023-11-06,10.59,10.75,10.76,10.58,115563,124398620.00,1.70,1.80,0.19,0.49,27.87
262,600004,白云机场,航空机场,2023-11-07,10.71,10.70,10.72,10.57,86025,92202276.00,1.40,-0.47,-0.05,0.36,27.87
263,600004,白云机场,航空机场,2023-11-08,10.68,10.71,10.78,10.62,75127,80928158.00,1.50,0.09,0.01,0.32,27.87
264,600004,白云机场,航空机场,2023-11-09,10.67,10.78,10.81,10.67,76993,83360669.00,1.31,0.65,0.07,0.33,27.87
265,600004,白云机场,航空机场,2023-11-10,10.74,10.73,10.75,10.59,69624,74725679.00,1.48,-0.46,-0.05,0.29,27.87
266,600004,白云机场,航空机场,2023-11-13,10.77,10.73,10.82,10.65,77213,83254890.00,1.58,0.00,0.00,0.33,27.87
267,600004,白云机场,航空机场,2023-11-14,10.74,10.84,10.86,10.71,96441,104742508.00,1.40,1.03,0.11,0.41,27.87
268,600004,白云机场,航空机场,2023-11-15,10.94,10.84,10.97,10.80,88116,96345711.00,1.57,0.00,0.00,0.37,27.87
269,600004,白云机场,航空机场,2023-11-16,10.85,10.79,10.86,10.74,65408,70977746.00,1.11,-0.46,-0.05,0.28,27.87
270,600004,白云机场,航空机场,2023-11-17,10.79,10.84,10.88,10.76,72869,79382130.00,1.11,0.46,0.05,0.31,27.87
271,600004,白云机场,航空机场,2023-11-20,10.83,10.97,11.00,10.79,111464,122536091.00,1.94,1.20,0.13,0.47,27.87
272,600004,白云机场,航空机场,2023-11-21,11.01,10.95,11.06,10.91,99052,109572907.00,1.37,-0.18,-0.02,0.42,27.87
273,600004,白云机场,航空机场,2023-11-22,10.93,10.84,10.94,10.84,67165,73662256.00,0.91,-1.00,-0.11,0.28,27.87
274,600004,白云机场,航空机场,2023-11-23,10.79,10.89,10.90,10.79,51949,56735831.00,1.01,0.46,0.05,0.22,27.87
275,600004,白云机场,航空机场,2023-11-24,10.90,10.84,10.93,10.78,63274,69062632.00,1.38,-0.46,-0.05,0.27,27.87
276,600004,白云机场,航空机场,2023-11-27,10.83,10.94,10.94,10.77,98552,107782075.00,1.57,0.92,0.10,0.42,27.87
277,600004,白云机场,航空机场,2023-11-28,10.93,10.98,10.99,10.86,67550,74356058.00,1.19,0.37,0.04,0.29,27.87
278,600004,白云机场,航空机场,2023-11-29,10.96,10.89,11.00,10.86,63098,69313442.00,1.28,-0.82,-0.09,0.27,27.87
279,600004,白云机场,航空机场,2023-11-30,10.89,10.96,11.00,10.88,78120,86137247.00,1.10,0.64,0.07,0.33,27.87
280,600004,白云机场,航空机场,2023-12-01,10.97,10.75,10.99,10.72,121762,132467847.00,2.46,-1.92,-0.21,0.51,27.87
281,600004,白云机场,航空机场,2023-12-04,10.78,10.74,10.84,10.70,126042,136648990.00,1.30,-0.09,-0.01,0.53,27.87
282,600004,白云机场,航空机场,2023-12-05,10.75,10.53,10.75,10.53,101074,107878129.00,2.05,-1.96,-0.21,0.43,27.87
283,600004,白云机场,航空机场,2023-12-06,10.52,10.43,10.53,10.41,124556,131333441.00,1.14,-0.95,-0.10,0.53,27.87
284,600004,白云机场,航空机场,2023-12-07,10.43,10.30,10.52,10.28,140039,145796965.00,2.30,-1.25,-0.13,0.59,27.87
285,600004,白云机场,航空机场,2023-12-08,10.30,10.21,10.45,10.18,332404,344596612.00,2.62,-0.87,-0.09,1.40,27.87
286,600004,白云机场,航空机场,2023-12-11,10.16,10.23,10.23,9.84,215339,217195543.00,3.82,0.20,0.02,0.91,27.87
287,600004,白云机场,航空机场,2023-12-12,10.17,10.18,10.21,10.10,117323,119959188.00,1.08,-0.49,-0.05,0.50,27.87
288,600004,白云机场,航空机场,2023-12-13,10.18,9.99,10.18,9.97,104523,105843304.00,2.06,-1.87,-0.19,0.44,27.87
289,600004,白云机场,航空机场,2023-12-14,10.06,9.98,10.15,9.98,92903,94130663.00,1.70,-0.10,-0.01,0.39,27.87
290,600004,白云机场,航空机场,2023-12-15,10.01,9.90,10.06,9.86,144483,144599978.00,2.00,-0.80,-0.08,0.61,27.87
291,600004,白云机场,航空机场,2023-12-18,9.87,9.70,9.87,9.66,139807,137409247.00,2.12,-2.02,-0.20,0.59,27.87
292,600004,白云机场,航空机场,2023-12-19,9.70,9.69,9.78,9.62,87822,85827018.00,1.65,-0.10,-0.01,0.37,27.87
293,600004,白云机场,航空机场,2023-12-20,9.72,9.47,9.73,9.44,127178,122117751.00,2.99,-2.27,-0.22,0.54,27.87
294,600004,白云机场,航空机场,2023-12-21,9.43,9.66,9.66,9.39,123794,119175363.00,2.85,2.01,0.19,0.52,27.87
295,600004,白云机场,航空机场,2023-12-22,9.65,9.63,9.73,9.53,109374,106004522.00,2.07,-0.31,-0.03,0.46,27.87
296,600004,白云机场,航空机场,2023-12-25,9.62,9.68,9.69,9.56,69084,67040599.00,1.35,0.52,0.05,0.29,27.87
297,600004,白云机场,航空机场,2023-12-26,9.67,9.56,9.67,9.54,81273,78383432.00,1.34,-1.24,-0.12,0.34,27.87
298,600004,白云机场,航空机场,2023-12-27,9.57,9.45,9.62,9.37,112721,107348903.00,2.62,-1.15,-0.11,0.48,27.87
299,600004,白云机场,航空机场,2023-12-28,9.45,9.75,9.76,9.42,159184,154577155.00,3.60,3.17,0.30,0.67,27.87
300,600004,白云机场,航空机场,2023-12-29,9.76,9.71,9.80,9.64,137044,133771776.00,1.64,-0.41,-0.04,0.58,27.87
301,600004,白云机场,航空机场,2024-01-02,9.71,9.65,9.74,9.61,93892,91338192.00,1.34,-0.62,-0.06,0.40,27.87
302,600004,白云机场,航空机场,2024-01-03,9.65,9.56,9.72,9.53,147764,142929231.00,1.97,-0.93,-0.09,0.62,27.87
303,600004,白云机场,航空机场,2024-01-04,9.58,9.20,9.58,9.16,437033,407395977.00,4.39,-3.77,-0.36,1.85,27.87
304,600004,白云机场,航空机场,2024-01-05,9.16,9.15,9.31,9.12,188378,175014800.00,2.07,-0.54,-0.05,0.80,27.87
305,600004,白云机场,航空机场,2024-01-08,9.13,9.04,9.18,9.02,148884,135907594.00,1.75,-1.20,-0.11,0.63,27.87
306,600004,白云机场,航空机场,2024-01-09,9.05,9.17,9.25,9.02,205890,189675494.00,2.54,1.44,0.13,0.87,27.87
307,600004,白云机场,航空机场,2024-01-10,9.12,9.13,9.20,9.02,136447,125493994.00,1.96,-0.44,-0.04,0.58,27.87
308,600004,白云机场,航空机场,2024-01-11,9.06,9.22,9.25,9.05,130971,121270349.00,2.19,0.99,0.09,0.55,27.87
309,600004,白云机场,航空机场,2024-01-12,9.21,9.27,9.35,9.19,132850,124305287.00,1.74,0.54,0.05,0.56,27.87
310,600004,白云机场,航空机场,2024-01-15,9.35,9.42,9.53,9.29,230573,219015086.00,2.59,1.62,0.15,0.97,27.87
311,600004,白云机场,航空机场,2024-01-16,9.41,9.82,9.84,9.36,443904,432822913.00,5.10,4.25,0.40,1.88,27.87
312,600004,白云机场,航空机场,2024-01-17,9.83,9.60,9.86,9.58,255031,249903987.00,2.85,-2.24,-0.22,1.08,27.87
313,600004,白云机场,航空机场,2024-01-18,9.56,9.65,9.67,9.34,279901,267931156.00,3.44,0.52,0.05,1.18,27.87
314,600004,白云机场,航空机场,2024-01-19,9.60,9.57,9.67,9.48,154421,148747420.00,1.97,-0.83,-0.08,0.65,27.87
315,600004,白云机场,航空机场,2024-01-22,9.50,9.16,9.51,9.12,241438,226002786.00,4.08,-4.28,-0.41,1.02,27.87
316,600004,白云机场,航空机场,2024-01-23,9.20,9.23,9.26,9.02,190705,175820404.00,2.62,0.76,0.07,0.81,27.87
317,600004,白云机场,航空机场,2024-01-24,9.29,9.40,9.42,9.04,238029,222474453.00,4.12,1.84,0.17,1.01,27.87
318,600004,白云机场,航空机场,2024-01-25,9.40,9.62,9.62,9.31,292584,279394018.00,3.30,2.34,0.22,1.24,27.87
319,600004,白云机场,航空机场,2024-01-26,9.63,9.67,9.78,9.56,275550,268281871.00,2.29,0.52,0.05,1.16,27.87
320,600004,白云机场,航空机场,2024-01-29,9.71,9.76,10.01,9.66,376798,373743619.00,3.62,0.93,0.09,1.59,27.87
321,600004,白云机场,航空机场,2024-01-30,9.67,9.41,9.72,9.41,232449,223789824.00,3.18,-3.59,-0.35,0.98,27.87
322,600004,白云机场,航空机场,2024-01-31,9.35,9.34,9.49,9.25,229518,216380712.00,2.55,-0.74,-0.07,0.97,27.87
323,600004,白云机场,航空机场,2024-02-01,9.31,9.21,9.38,9.09,183179,170414585.00,3.10,-1.39,-0.13,0.77,27.87
324,600004,白云机场,航空机场,2024-02-02,9.19,9.21,9.41,8.95,260928,242493719.00,4.99,0.00,0.00,1.10,27.87
325,600004,白云机场,航空机场,2024-02-05,9.12,9.22,9.31,8.92,295854,270859990.00,4.23,0.11,0.01,1.25,27.87
326,600004,白云机场,航空机场,2024-02-06,9.10,9.67,9.67,9.02,291692,276640304.00,7.05,4.88,0.45,1.23,27.87
327,600004,白云机场,航空机场,2024-02-07,9.67,9.99,9.99,9.60,416243,412897860.00,4.03,3.31,0.32,1.76,27.87
328,600004,白云机场,航空机场,2024-02-08,10.05,10.12,10.52,10.05,415300,430421365.00,4.70,1.30,0.13,1.75,27.87
329,600004,白云机场,航空机场,2024-02-19,10.28,10.03,10.32,9.92,273814,276881067.00,3.95,-0.89,-0.09,1.16,27.87
330,600004,白云机场,航空机场,2024-02-20,10.00,9.98,10.01,9.89,150324,150587452.00,1.20,-0.50,-0.05,0.64,27.87
331,600004,白云机场,航空机场,2024-02-21,9.95,10.06,10.26,9.91,226889,231057813.00,3.51,0.80,0.08,0.96,27.87
332,600004,白云机场,航空机场,2024-02-22,10.03,10.12,10.15,10.00,159530,161760260.00,1.49,0.60,0.06,0.67,27.87
333,600004,白云机场,航空机场,2024-02-23,10.13,10.04,10.18,9.94,206744,208524264.00,2.37,-0.79,-0.08,0.87,27.87
334,600004,白云机场,航空机场,2024-02-26,10.03,9.96,10.08,9.92,210802,211976162.00,1.59,-0.80,-0.08,0.89,27.87
335,600004,白云机场,航空机场,2024-02-27,9.98,10.06,10.06,9.92,166905,168318159.00,1.41,1.00,0.10,0.71,27.87
336,600004,白云机场,航空机场,2024-02-28,10.06,9.94,10.21,9.94,258462,262462942.00,2.68,-1.19,-0.12,1.09,27.87
337,600004,白云机场,航空机场,2024-02-29,9.90,10.06,10.06,9.89,212319,213336988.00,1.71,1.21,0.12,0.90,27.87
338,600004,白云机场,航空机场,2024-03-01,10.05,10.00,10.06,9.94,149953,150681749.00,1.19,-0.60,-0.06,0.63,27.87
339,600004,白云机场,航空机场,2024-03-04,9.97,10.00,10.02,9.93,160038,160793659.00,0.90,0.00,0.00,0.68,27.87
340,600004,白云机场,航空机场,2024-03-05,9.96,9.94,9.98,9.88,171612,171387210.00,1.00,-0.60,-0.06,0.73,27.87
341,600004,白云机场,航空机场,2024-03-06,10.01,10.13,10.21,10.00,331008,336152227.00,2.11,1.91,0.19,1.40,27.87
342,600004,白云机场,航空机场,2024-03-07,10.18,10.08,10.27,10.07,310494,317904334.00,1.97,-0.49,-0.05,1.31,27.87
343,600004,白云机场,航空机场,2024-03-08,10.07,10.05,10.12,9.95,185783,187275784.00,1.69,-0.30,-0.03,0.78,27.87
344,600004,白云机场,航空机场,2024-03-11,10.03,10.19,10.21,9.99,216986,221471118.00,2.19,1.39,0.14,0.92,27.87
345,600004,白云机场,航空机场,2024-03-12,10.21,10.34,10.36,10.11,276764,286765475.00,2.45,1.47,0.15,1.17,27.87
346,600004,白云机场,航空机场,2024-03-13,10.31,10.13,10.35,10.13,215389,221166247.00,2.13,-2.03,-0.21,0.91,27.87
347,600004,白云机场,航空机场,2024-03-14,10.12,10.33,10.38,10.11,267287,277071438.00,2.67,1.97,0.20,1.13,27.87
348,600004,白云机场,航空机场,2024-03-15,10.33,10.38,10.42,10.26,192268,200003753.00,1.55,0.48,0.05,0.81,27.87
349,600004,白云机场,航空机场,2024-03-18,10.37,10.47,10.58,10.36,183666,193840132.00,2.12,0.87,0.09,0.78,27.87
350,600004,白云机场,航空机场,2024-03-19,10.46,10.32,10.47,10.31,153263,159700954.00,1.53,-1.43,-0.15,0.65,27.87
351,600004,白云机场,航空机场,2024-03-20,10.30,10.35,10.38,10.30,105943,110289388.00,0.78,0.29,0.03,0.45,27.87
352,600004,白云机场,航空机场,2024-03-21,10.35,10.32,10.38,10.23,160924,166806404.00,1.45,-0.29,-0.03,0.68,27.87
353,600004,白云机场,航空机场,2024-03-22,10.26,10.09,10.30,10.07,165792,169491377.00,2.23,-2.23,-0.23,0.70,27.87
354,600004,白云机场,航空机场,2024-03-25,10.05,9.94,10.08,9.93,180723,181712143.00,1.49,-1.49,-0.15,0.76,27.87
355,600004,白云机场,航空机场,2024-03-26,9.93,9.94,9.96,9.85,145100,144727545.00,1.11,0.00,0.00,0.61,27.87
356,600004,白云机场,航空机场,2024-03-27,9.94,9.82,9.99,9.82,116647,116271728.00,1.71,-1.21,-0.12,0.49,27.87
357,600004,白云机场,航空机场,2024-03-28,9.82,10.00,10.03,9.80,131240,131265412.00,2.34,1.83,0.18,0.55,27.87
358,600004,白云机场,航空机场,2024-03-29,10.00,10.01,10.02,9.91,103718,103976025.00,1.10,0.10,0.01,0.44,27.87
359,600004,白云机场,航空机场,2024-04-01,10.02,10.29,10.31,10.01,195045,200295980.00,3.00,2.80,0.28,0.82,27.87
360,600004,白云机场,航空机场,2024-04-02,10.29,10.26,10.34,10.19,132853,137110729.00,1.46,-0.29,-0.03,0.56,27.87
361,600004,白云机场,航空机场,2024-04-03,10.25,10.23,10.28,10.13,135328,138735144.00,1.46,-0.29,-0.03,0.57,27.87
362,600004,白云机场,航空机场,2024-04-08,10.20,10.05,10.21,10.04,156993,159953343.00,1.66,-1.76,-0.18,0.66,27.87
363,600004,白云机场,航空机场,2024-04-09,10.08,10.10,10.17,10.05,129992,132276688.00,1.19,0.50,0.05,0.55,27.87
364,600004,白云机场,航空机场,2024-04-10,10.09,10.09,10.14,10.01,137043,138983370.00,1.29,-0.10,-0.01,0.58,27.87
365,600004,白云机场,航空机场,2024-04-11,10.04,10.11,10.17,9.98,115543,117399038.00,1.88,0.20,0.02,0.49,27.87
366,600004,白云机场,航空机场,2024-04-12,10.09,9.98,10.17,9.96,116882,118331633.00,2.08,-1.29,-0.13,0.49,27.87
367,600004,白云机场,航空机场,2024-04-15,9.96,10.17,10.20,9.89,233833,237746132.00,3.11,1.90,0.19,0.99,27.87
368,600004,白云机场,航空机场,2024-04-16,10.17,10.02,10.31,10.00,284091,290548039.00,3.05,-1.47,-0.15,1.20,27.87
369,600004,白云机场,航空机场,2024-04-17,10.02,10.26,10.26,10.02,222402,227155770.00,2.40,2.40,0.24,0.94,27.87
370,600004,白云机场,航空机场,2024-04-18,10.23,10.29,10.36,10.18,219183,226748633.00,1.75,0.29,0.03,0.93,27.87
371,600004,白云机场,航空机场,2024-04-19,10.24,10.20,10.31,10.13,181765,186824907.00,1.75,-0.87,-0.09,0.77,27.87
372,600004,白云机场,航空机场,2024-04-22,10.20,10.32,10.33,10.16,188362,194924165.00,1.67,1.18,0.12,0.80,27.87
373,600004,白云机场,航空机场,2024-04-23,10.32,10.17,10.33,10.13,150734,155033417.00,1.94,-1.45,-0.15,0.64,27.87
374,600004,白云机场,航空机场,2024-04-24,10.17,10.24,10.24,10.11,125593,128741366.00,1.28,0.69,0.07,0.53,27.87
375,600004,白云机场,航空机场,2024-04-25,10.21,10.44,10.51,10.17,259163,270860013.00,3.32,1.95,0.20,1.10,27.87
376,600004,白云机场,航空机场,2024-04-26,10.42,10.51,10.52,10.35,275876,289737832.00,1.63,0.67,0.07,1.17,27.87
377,600004,白云机场,航空机场,2024-04-29,10.51,10.46,10.51,10.25,366317,382912333.00,2.47,-0.48,-0.05,1.55,27.87
378,600004,白云机场,航空机场,2024-04-30,10.45,10.28,10.45,10.20,322191,333355318.00,2.39,-1.72,-0.18,1.36,27.87
379,600004,白云机场,航空机场,2024-05-06,10.36,10.38,10.45,10.30,263974,276071734.00,1.46,0.97,0.10,1.12,27.87
380,600004,白云机场,航空机场,2024-05-07,10.40,10.35,10.42,10.28,172301,179260042.00,1.35,-0.29,-0.03,0.73,27.87
381,600004,白云机场,航空机场,2024-05-08,10.27,10.24,10.32,10.23,136841,141475318.00,0.87,-1.06,-0.11,0.58,27.87
382,600004,白云机场,航空机场,2024-05-09,10.23,10.29,10.32,10.22,130230,134820025.00,0.98,0.49,0.05,0.55,27.87
383,600004,白云机场,航空机场,2024-05-10,10.30,10.22,10.33,10.18,180708,186058479.00,1.46,-0.68,-0.07,0.76,27.87
384,600004,白云机场,航空机场,2024-05-13,10.18,10.23,10.28,10.11,148420,152362802.00,1.66,0.10,0.01,0.63,27.87
385,600004,白云机场,航空机场,2024-05-14,10.21,10.21,10.25,10.18,91192,93840699.00,0.68,-0.20,-0.02,0.39,27.87
386,600004,白云机场,航空机场,2024-05-15,10.22,10.16,10.23,10.15,83423,85588565.00,0.78,-0.49,-0.05,0.35,27.87
387,600004,白云机场,航空机场,2024-05-16,10.16,10.10,10.20,10.08,156256,159433724.00,1.18,-0.59,-0.06,0.66,27.87
388,600004,白云机场,航空机场,2024-05-17,10.11,10.29,10.29,10.09,182080,187275119.00,1.98,1.88,0.19,0.77,27.87
389,600004,白云机场,航空机场,2024-05-20,10.33,10.36,10.41,10.30,234248,244432742.00,1.07,0.68,0.07,0.99,27.87
390,600004,白云机场,航空机场,2024-05-21,10.34,10.31,10.38,10.29,135123,140529805.00,0.87,-0.48,-0.05,0.57,27.87
391,600004,白云机场,航空机场,2024-05-22,10.31,10.42,10.47,10.30,204438,214402094.00,1.65,1.07,0.11,0.86,27.87
392,600004,白云机场,航空机场,2024-05-23,10.42,10.21,10.44,10.19,176819,183060315.00,2.40,-2.02,-0.21,0.75,27.87
393,600004,白云机场,航空机场,2024-05-24,10.21,10.11,10.26,10.11,164255,168072151.00,1.47,-0.98,-0.10,0.69,27.87
394,600004,白云机场,航空机场,2024-05-27,10.11,10.16,10.18,10.07,114077,116175424.00,1.09,0.49,0.05,0.48,27.87
395,600004,白云机场,航空机场,2024-05-28,10.13,10.08,10.15,10.07,104717,106554050.00,0.79,-0.79,-0.08,0.44,27.87
396,600004,白云机场,航空机场,2024-05-29,10.08,10.08,10.12,10.05,105373,106966520.00,0.69,0.00,0.00,0.45,27.87
397,600004,白云机场,航空机场,2024-05-30,10.05,10.03,10.12,10.01,118007,119451557.00,1.09,-0.50,-0.05,0.50,27.87
398,600004,白云机场,航空机场,2024-05-31,10.05,10.07,10.11,10.04,105405,106990907.00,0.70,0.40,0.04,0.45,27.87
399,600004,白云机场,航空机场,2024-06-03,10.07,10.01,10.12,9.97,133372,134704296.00,1.49,-0.60,-0.06,0.56,27.87
400,600004,白云机场,航空机场,2024-06-04,10.00,10.21,10.23,9.98,190288,194207670.00,2.50,2.00,0.20,0.80,27.87
401,600004,白云机场,航空机场,2024-06-05,10.23,10.14,10.28,10.12,129282,132991798.00,1.57,-0.69,-0.07,0.55,27.87
402,600004,白云机场,航空机场,2024-06-06,10.14,10.05,10.19,10.03,115019,116978373.00,1.58,-0.89,-0.09,0.49,27.87
403,600004,白云机场,航空机场,2024-06-07,10.09,10.16,10.16,10.05,87444,89012224.00,1.09,1.09,0.11,0.37,27.87
404,600004,白云机场,航空机场,2024-06-11,10.18,10.07,10.18,10.04,79074,80272706.00,1.38,-0.89,-0.09,0.33,27.87
405,600004,白云机场,航空机场,2024-06-12,10.06,10.01,10.08,9.98,117924,119000598.00,0.99,-0.60,-0.06,0.50,27.87
406,600004,白云机场,航空机场,2024-06-13,10.02,9.83,10.03,9.78,260419,258649554.00,2.50,-1.80,-0.18,1.10,27.87
407,600004,白云机场,航空机场,2024-06-14,9.77,9.99,10.03,9.77,156703,156611051.00,2.64,1.63,0.16,0.66,27.87
408,600004,白云机场,航空机场,2024-06-17,9.93,9.93,10.00,9.89,83761,83777788.00,1.10,-0.60,-0.06,0.35,27.87
409,600004,白云机场,航空机场,2024-06-18,9.93,9.93,10.01,9.90,94356,94480140.00,1.11,0.00,0.00,0.40,27.87
410,600004,白云机场,航空机场,2024-06-19,9.93,9.80,9.93,9.78,129511,128143186.00,1.51,-1.31,-0.13,0.55,27.87
411,600004,白云机场,航空机场,2024-06-20,9.78,9.54,9.79,9.53,189742,183937442.00,2.65,-2.65,-0.26,0.80,27.87
412,600004,白云机场,航空机场,2024-06-21,9.57,9.47,9.60,9.44,104222,99753582.00,1.68,-0.73,-0.07,0.44,27.87
413,600004,白云机场,航空机场,2024-06-24,9.44,9.38,9.44,9.29,120228,113582498.00,1.58,-0.95,-0.09,0.51,27.87
414,600004,白云机场,航空机场,2024-06-25,9.43,9.34,9.47,9.28,100912,95284891.00,2.03,-0.43,-0.04,0.43,27.87
415,600004,白云机场,航空机场,2024-06-26,9.35,9.40,9.41,9.21,100172,93829883.00,2.14,0.64,0.06,0.42,27.87
416,600004,白云机场,航空机场,2024-06-27,9.38,9.36,9.44,9.31,101605,95924954.00,1.38,-0.43,-0.04,0.43,27.87
417,600004,白云机场,航空机场,2024-06-28,9.35,9.41,9.46,9.34,90274,85615126.00,1.28,0.53,0.05,0.38,27.87
418,600004,白云机场,航空机场,2024-07-01,9.42,9.45,9.48,9.35,105462,100041244.00,1.38,0.43,0.04,0.45,27.87
419,600004,白云机场,航空机场,2024-07-02,9.45,9.41,9.49,9.38,104821,99615039.00,1.16,-0.42,-0.04,0.44,27.87
420,600004,白云机场,航空机场,2024-07-03,9.44,9.60,9.63,9.37,180917,173745252.00,2.76,2.02,0.19,0.76,27.87
421,600004,白云机场,航空机场,2024-07-04,9.55,9.35,9.56,9.33,128469,122242559.00,2.40,-2.60,-0.25,0.54,27.87
422,600004,白云机场,航空机场,2024-07-05,9.35,9.32,9.41,9.27,85449,80343396.00,1.50,-0.32,-0.03,0.36,27.87
423,600004,白云机场,航空机场,2024-07-08,9.32,9.19,9.36,9.17,110542,102916603.00,2.04,-1.39,-0.13,0.47,27.87
424,600004,白云机场,航空机场,2024-07-09,9.33,9.65,9.67,9.33,267418,256300185.00,3.70,5.01,0.46,1.13,27.87
425,600004,白云机场,航空机场,2024-07-10,9.58,9.50,9.71,9.48,178103,171759743.00,2.38,-1.55,-0.15,0.75,27.87
426,600004,白云机场,航空机场,2024-07-11,9.61,9.78,9.79,9.58,203101,198696973.00,2.21,2.95,0.28,0.86,27.87
427,600004,白云机场,航空机场,2024-07-12,9.77,9.75,9.86,9.72,126244,124427657.00,1.43,-0.31,-0.03,0.53,27.87
428,600004,白云机场,航空机场,2024-07-15,9.62,9.55,9.72,9.53,161332,155993510.00,1.95,-2.05,-0.20,0.68,27.87
429,600004,白云机场,航空机场,2024-07-16,9.54,9.57,9.58,9.49,76595,73561336.00,0.94,0.21,0.02,0.32,27.87
430,600004,白云机场,航空机场,2024-07-17,9.57,9.65,9.69,9.52,112163,108706984.00,1.78,0.84,0.08,0.47,27.87
431,600004,白云机场,航空机场,2024-07-18,9.61,9.60,9.63,9.53,87761,84743932.00,1.04,-0.52,-0.05,0.37,27.87
432,600004,白云机场,航空机场,2024-07-19,9.58,9.58,9.61,9.49,120604,116051541.00,1.25,-0.21,-0.02,0.51,27.87
433,600004,白云机场,航空机场,2024-07-22,9.57,9.54,9.63,9.50,84012,80883869.00,1.36,-0.42,-0.04,0.35,27.87
434,600004,白云机场,航空机场,2024-07-23,9.56,9.45,9.57,9.42,89859,86006450.00,1.57,-0.94,-0.09,0.38,27.87
435,600004,白云机场,航空机场,2024-07-24,9.45,9.39,9.49,9.33,86048,81601037.00,1.69,-0.63,-0.06,0.36,27.87
436,600004,白云机场,航空机场,2024-07-25,9.36,9.46,9.51,9.35,76972,73286366.00,1.70,0.75,0.07,0.33,27.87
437,600004,白云机场,航空机场,2024-07-26,9.48,9.44,9.54,9.35,109208,104080925.00,2.01,-0.21,-0.02,0.46,27.87
438,600004,白云机场,航空机场,2024-07-29,9.46,9.36,9.46,9.30,116204,109422804.00,1.69,-0.85,-0.08,0.49,27.87
439,600004,白云机场,航空机场,2024-07-30,9.35,9.34,9.36,9.28,71884,67470824.00,0.85,-0.21,-0.02,0.30,27.87
440,600004,白云机场,航空机场,2024-07-31,9.34,9.56,9.58,9.30,186374,178192264.00,3.00,2.36,0.22,0.79,27.87
441,600004,白云机场,航空机场,2024-08-01,9.55,9.55,9.60,9.50,126694,121844366.00,1.05,-0.10,-0.01,0.54,27.87
442,600004,白云机场,航空机场,2024-08-02,9.53,9.52,9.59,9.48,86907,83617507.00,1.15,-0.31,-0.03,0.37,27.87
443,600004,白云机场,航空机场,2024-08-05,9.51,9.52,9.68,9.48,134520,129901663.00,2.10,0.00,0.00,0.57,27.87
444,600004,白云机场,航空机场,2024-08-06,9.52,9.51,9.62,9.44,93266,89425151.00,1.89,-0.11,-0.01,0.39,27.87
445,600004,白云机场,航空机场,2024-08-07,9.49,9.41,9.50,9.40,77350,73507561.00,1.05,-1.05,-0.10,0.33,27.87
446,600004,白云机场,航空机场,2024-08-08,9.39,9.45,9.47,9.34,74330,70480387.00,1.38,0.43,0.04,0.31,27.87
447,600004,白云机场,航空机场,2024-08-09,9.50,9.38,9.50,9.38,80334,75759537.00,1.27,-0.74,-0.07,0.34,27.87
448,600004,白云机场,航空机场,2024-08-12,9.38,9.27,9.41,9.25,105537,98113427.00,1.71,-1.17,-0.11,0.45,27.87
449,600004,白云机场,航空机场,2024-08-13,9.27,9.33,9.33,9.19,74354,68849083.00,1.51,0.65,0.06,0.31,27.87
450,600004,白云机场,航空机场,2024-08-14,9.30,9.22,9.33,9.22,63802,58999652.00,1.18,-1.18,-0.11,0.27,27.87
451,600004,白云机场,航空机场,2024-08-15,9.22,9.25,9.29,9.13,116933,107810597.00,1.74,0.33,0.03,0.49,27.87
452,600004,白云机场,航空机场,2024-08-16,9.24,9.20,9.25,9.17,85895,78987976.00,0.86,-0.54,-0.05,0.36,27.87
453,600004,白云机场,航空机场,2024-08-19,9.19,9.17,9.23,9.15,62235,57175835.00,0.87,-0.33,-0.03,0.26,27.87
454,600004,白云机场,航空机场,2024-08-20,9.15,9.09,9.19,9.06,101033,91925761.00,1.42,-0.87,-0.08,0.43,27.87
455,600004,白云机场,航空机场,2024-08-21,9.06,8.99,9.10,8.98,86145,77871583.00,1.32,-1.10,-0.10,0.36,27.87
456,600004,白云机场,航空机场,2024-08-22,9.01,8.72,9.02,8.69,204101,179785486.00,3.67,-3.00,-0.27,0.86,27.87
457,600004,白云机场,航空机场,2024-08-23,8.71,8.85,8.89,8.68,88661,78055259.00,2.41,1.49,0.13,0.37,27.87
458,600004,白云机场,航空机场,2024-08-26,8.86,8.97,8.99,8.84,80154,71564158.00,1.69,1.36,0.12,0.34,27.87
459,600004,白云机场,航空机场,2024-08-27,8.98,8.93,8.98,8.87,56449,50381115.00,1.23,-0.45,-0.04,0.24,27.87
460,600004,白云机场,航空机场,2024-08-28,8.95,8.91,8.98,8.88,46015,41075595.00,1.12,-0.22,-0.02,0.19,27.87
461,600004,白云机场,航空机场,2024-08-29,8.90,9.03,9.04,8.87,60237,54128440.00,1.91,1.35,0.12,0.25,27.87
462,600004,白云机场,航空机场,2024-08-30,9.03,9.13,9.17,9.00,135282,123267797.00,1.88,1.11,0.10,0.57,27.87
463,600004,白云机场,航空机场,2024-09-02,9.02,8.87,9.05,8.77,194381,172283848.00,3.07,-2.85,-0.26,0.82,27.87
464,600004,白云机场,航空机场,2024-09-03,8.87,8.95,9.04,8.84,107109,95992335.00,2.25,0.90,0.08,0.45,27.87
465,600004,白云机场,航空机场,2024-09-04,8.90,8.99,9.06,8.88,66755,59991082.00,2.01,0.45,0.04,0.28,27.87
466,600004,白云机场,航空机场,2024-09-05,8.98,8.97,9.03,8.95,42374,38072112.00,0.89,-0.22,-0.02,0.18,27.87
467,600004,白云机场,航空机场,2024-09-06,9.01,8.90,9.01,8.89,50260,44882232.00,1.34,-0.78,-0.07,0.21,27.87
468,600004,白云机场,航空机场,2024-09-09,8.90,8.86,8.94,8.82,57359,50898489.00,1.35,-0.45,-0.04,0.24,27.87
469,600004,白云机场,航空机场,2024-09-10,8.89,8.77,8.90,8.62,121141,105520240.00,3.16,-1.02,-0.09,0.51,27.87
470,600004,白云机场,航空机场,2024-09-11,8.76,8.74,8.80,8.68,60769,53125547.00,1.37,-0.34,-0.03,0.26,27.87
471,600004,白云机场,航空机场,2024-09-12,8.70,8.62,8.78,8.60,125398,108541903.00,2.06,-1.37,-0.12,0.53,27.87
472,600004,白云机场,航空机场,2024-09-13,8.64,8.58,8.65,8.55,56249,48400716.00,1.16,-0.46,-0.04,0.24,27.87
473,600004,白云机场,航空机场,2024-09-18,8.57,8.57,8.64,8.45,82131,69940396.00,2.21,-0.12,-0.01,0.35,27.87
474,600004,白云机场,航空机场,2024-09-19,8.60,8.68,8.79,8.57,125527,109005252.00,2.57,1.28,0.11,0.53,27.87
475,600004,白云机场,航空机场,2024-09-20,8.65,8.71,8.72,8.56,88459,76490269.00,1.84,0.35,0.03,0.37,27.87
476,600004,白云机场,航空机场,2024-09-23,8.71,8.73,8.76,8.67,44407,38741641.00,1.03,0.23,0.02,0.19,27.87
477,600004,白云机场,航空机场,2024-09-24,8.77,9.02,9.02,8.74,202217,179918874.00,3.21,3.32,0.29,0.85,27.87
478,600004,白云机场,航空机场,2024-09-25,9.09,9.09,9.24,9.07,213253,195237255.00,1.88,0.78,0.07,0.90,27.87
479,600004,白云机场,航空机场,2024-09-26,9.09,9.48,9.48,9.03,247915,230307755.00,4.95,4.29,0.39,1.05,27.87
480,600004,白云机场,航空机场,2024-09-27,9.58,9.78,9.81,9.58,242805,235634990.00,2.43,3.16,0.30,1.03,27.87
481,600004,白云机场,航空机场,2024-09-30,10.10,10.46,10.55,9.88,843826,863825468.00,6.85,6.95,0.68,3.57,27.87
482,600007,中国国贸,房地产开发,2023-10-09,18.05,17.90,18.18,17.78,20006,38559469.00,2.21,-0.94,-0.17,0.20,19.52
483,600007,中国国贸,房地产开发,2023-10-10,17.92,17.67,17.96,17.51,16715,31716092.00,2.51,-1.28,-0.23,0.17,19.52
484,600007,中国国贸,房地产开发,2023-10-11,17.74,17.74,17.90,17.63,12486,23825197.00,1.53,0.40,0.07,0.12,19.52
485,600007,中国国贸,房地产开发,2023-10-12,17.76,17.68,17.87,17.67,8962,17086226.00,1.13,-0.34,-0.06,0.09,19.52
486,600007,中国国贸,房地产开发,2023-10-13,17.56,17.32,17.65,17.26,20305,37892962.00,2.21,-2.04,-0.36,0.20,19.52
487,600007,中国国贸,房地产开发,2023-10-16,17.32,17.31,17.47,17.19,13902,25860795.00,1.62,-0.06,-0.01,0.14,19.52
488,600007,中国国贸,房地产开发,2023-10-17,17.44,17.50,17.55,17.23,14528,27162303.00,1.85,1.10,0.19,0.14,19.52
489,600007,中国国贸,房地产开发,2023-10-18,17.40,17.21,17.48,17.20,9848,18339183.00,1.60,-1.66,-0.29,0.10,19.52
490,600007,中国国贸,房地产开发,2023-10-19,17.14,17.10,17.21,17.08,11158,20568650.00,0.76,-0.64,-0.11,0.11,19.52
491,600007,中国国贸,房地产开发,2023-10-20,17.01,16.94,17.18,16.90,8797,16121214.00,1.64,-0.94,-0.16,0.09,19.52
492,600007,中国国贸,房地产开发,2023-10-23,16.79,16.57,16.95,16.51,15719,28331992.00,2.60,-2.18,-0.37,0.16,19.52
493,600007,中国国贸,房地产开发,2023-10-24,16.58,17.02,17.09,16.58,15189,27663319.00,3.08,2.72,0.45,0.15,19.52
494,600007,中国国贸,房地产开发,2023-10-25,17.15,17.42,17.49,17.07,12302,22940782.00,2.47,2.35,0.40,0.12,19.52
495,600007,中国国贸,房地产开发,2023-10-26,17.36,17.74,17.77,17.28,15347,29046405.00,2.81,1.84,0.32,0.15,19.52
496,600007,中国国贸,房地产开发,2023-10-27,17.78,17.74,17.86,17.58,17994,34239949.00,1.58,0.00,0.00,0.18,19.52
497,600007,中国国贸,房地产开发,2023-10-30,17.62,17.39,17.79,17.20,18943,35410748.00,3.33,-1.97,-0.35,0.19,19.52
498,600007,中国国贸,房地产开发,2023-10-31,17.41,18.53,18.61,17.37,47218,91677559.00,7.13,6.56,1.14,0.47,19.52
499,600007,中国国贸,房地产开发,2023-11-01,18.53,19.37,19.52,18.30,53588,109726382.00,6.58,4.53,0.84,0.53,19.52
500,600007,中国国贸,房地产开发,2023-11-02,19.33,19.49,19.56,19.16,30943,63914730.00,2.07,0.62,0.12,0.31,19.52
501,600007,中国国贸,房地产开发,2023-11-03,19.37,19.01,19.65,18.93,27289,55846214.00,3.69,-2.46,-0.48,0.27,19.52
502,600007,中国国贸,房地产开发,2023-11-06,19.05,18.76,19.13,18.55,23519,47107078.00,3.05,-1.32,-0.25,0.23,19.52
503,600007,中国国贸,房地产开发,2023-11-07,18.88,19.02,19.12,18.79,16548,33578941.00,1.76,1.39,0.26,0.16,19.52
504,600007,中国国贸,房地产开发,2023-11-08,18.92,19.03,19.12,18.85,10890,22115930.00,1.42,0.05,0.01,0.11,19.52
505,600007,中国国贸,房地产开发,2023-11-09,19.04,19.04,19.26,18.94,12963,26474729.00,1.68,0.05,0.01,0.13,19.52
506,600007,中国国贸,房地产开发,2023-11-10,19.15,18.92,19.20,18.86,12002,24399568.00,1.79,-0.63,-0.12,0.12,19.52
507,600007,中国国贸,房地产开发,2023-11-13,19.12,18.86,19.12,18.69,12663,25498289.00,2.27,-0.32,-0.06,0.13,19.52
508,600007,中国国贸,房地产开发,2023-11-14,18.91,19.04,19.13,18.80,13531,27495462.00,1.75,0.95,0.18,0.13,19.52
509,600007,中国国贸,房地产开发,2023-11-15,19.10,18.83,19.14,18.72,11185,22541996.00,2.21,-1.10,-0.21,0.11,19.52
510,600007,中国国贸,房地产开发,2023-11-16,18.84,18.94,19.04,18.71,9403,19006030.00,1.75,0.58,0.11,0.09,19.52
511,600007,中国国贸,房地产开发,2023-11-17,18.88,18.93,19.02,18.68,10429,20980104.00,1.80,-0.05,-0.01,0.10,19.52
512,600007,中国国贸,房地产开发,2023-11-20,18.93,18.95,19.04,18.81,10240,20705153.00,1.22,0.11,0.02,0.10,19.52
513,600007,中国国贸,房地产开发,2023-11-21,18.94,18.93,19.25,18.88,14060,28599264.00,1.95,-0.11,-0.02,0.14,19.52
514,600007,中国国贸,房地产开发,2023-11-22,18.88,19.22,19.41,18.87,18004,36946486.00,2.85,1.53,0.29,0.18,19.52
515,600007,中国国贸,房地产开发,2023-11-23,19.20,19.48,19.55,19.09,17874,36960955.00,2.39,1.35,0.26,0.18,19.52
516,600007,中国国贸,房地产开发,2023-11-24,19.54,19.65,19.79,19.39,24886,52098000.00,2.05,0.87,0.17,0.25,19.52
517,600007,中国国贸,房地产开发,2023-11-27,19.65,19.46,19.78,19.20,16067,33306906.00,2.95,-0.97,-0.19,0.16,19.52
518,600007,中国国贸,房地产开发,2023-11-28,19.45,19.10,19.47,19.05,17103,35099640.00,2.16,-1.85,-0.36,0.17,19.52
519,600007,中国国贸,房地产开发,2023-11-29,19.15,18.81,19.28,18.72,23357,47089499.00,2.93,-1.52,-0.29,0.23,19.52
520,600007,中国国贸,房地产开发,2023-11-30,18.81,19.07,19.32,18.74,27973,56835824.00,3.08,1.38,0.26,0.28,19.52
521,600007,中国国贸,房地产开发,2023-12-01,19.11,19.01,19.39,18.94,21450,43886974.00,2.36,-0.31,-0.06,0.21,19.52
522,600007,中国国贸,房地产开发,2023-12-04,19.08,18.89,19.08,18.76,13948,28124489.00,1.68,-0.63,-0.12,0.14,19.52
523,600007,中国国贸,房地产开发,2023-12-05,19.00,18.81,19.03,18.79,12306,24865158.00,1.27,-0.42,-0.08,0.12,19.52
524,600007,中国国贸,房地产开发,2023-12-06,18.81,19.05,19.10,18.70,13228,26769196.00,2.13,1.28,0.24,0.13,19.52
525,600007,中国国贸,房地产开发,2023-12-07,19.08,18.98,19.08,18.85,11445,23202423.00,1.21,-0.37,-0.07,0.11,19.52
526,600007,中国国贸,房地产开发,2023-12-08,19.00,18.80,19.00,18.70,13297,26751770.00,1.58,-0.95,-0.18,0.13,19.52
527,600007,中国国贸,房地产开发,2023-12-11,18.77,18.93,19.00,18.45,15258,30684231.00,2.93,0.69,0.13,0.15,19.52
528,600007,中国国贸,房地产开发,2023-12-12,18.94,18.93,19.04,18.77,12581,25392699.00,1.43,0.00,0.00,0.12,19.52
529,600007,中国国贸,房地产开发,2023-12-13,18.93,18.70,18.93,18.65,14770,29636320.00,1.48,-1.22,-0.23,0.15,19.52
530,600007,中国国贸,房地产开发,2023-12-14,18.77,18.69,18.94,18.68,10233,20545743.00,1.39,-0.05,-0.01,0.10,19.52
531,600007,中国国贸,房地产开发,2023-12-15,18.85,18.60,18.94,18.56,12889,25762101.00,2.03,-0.48,-0.09,0.13,19.52
532,600007,中国国贸,房地产开发,2023-12-18,18.59,18.60,18.78,18.42,17976,35828737.00,1.94,0.00,0.00,0.18,19.52
533,600007,中国国贸,房地产开发,2023-12-19,19.36,18.28,19.44,17.85,22999,45096005.00,8.55,-1.72,-0.32,0.23,19.52
534,600007,中国国贸,房地产开发,2023-12-20,18.28,18.19,18.52,18.19,17052,33520445.00,1.81,-0.49,-0.09,0.17,19.52
535,600007,中国国贸,房地产开发,2023-12-21,18.18,18.24,18.31,18.06,10479,20412633.00,1.37,0.27,0.05,0.10,19.52
536,600007,中国国贸,房地产开发,2023-12-22,18.19,18.26,18.49,18.16,15531,30453635.00,1.81,0.11,0.02,0.15,19.52
537,600007,中国国贸,房地产开发,2023-12-25,18.23,18.29,18.40,18.02,13777,26855300.00,2.08,0.16,0.03,0.14,19.52
538,600007,中国国贸,房地产开发,2023-12-26,18.29,18.12,18.36,18.09,11404,22281982.00,1.48,-0.93,-0.17,0.11,19.52
539,600007,中国国贸,房地产开发,2023-12-27,18.15,18.24,18.29,18.02,10790,20963277.00,1.49,0.66,0.12,0.11,19.52
540,600007,中国国贸,房地产开发,2023-12-28,18.23,18.07,18.33,18.03,16424,31926251.00,1.64,-0.93,-0.17,0.16,19.52
541,600007,中国国贸,房地产开发,2023-12-29,18.11,18.08,18.21,17.97,12747,24705773.00,1.33,0.06,0.01,0.13,19.52
542,600007,中国国贸,房地产开发,2024-01-02,18.06,17.70,18.09,17.70,22498,43129104.00,2.16,-2.10,-0.38,0.22,19.52
543,600007,中国国贸,房地产开发,2024-01-03,17.69,17.48,17.84,17.40,24176,45613670.00,2.49,-1.24,-0.22,0.24,19.52
544,600007,中国国贸,房地产开发,2024-01-04,17.48,17.49,17.57,17.25,17164,32077400.00,1.83,0.06,0.01,0.17,19.52
545,600007,中国国贸,房地产开发,2024-01-05,17.59,17.80,17.87,17.47,25376,48338861.00,2.29,1.77,0.31,0.25,19.52
546,600007,中国国贸,房地产开发,2024-01-08,17.80,17.22,17.94,17.22,24355,45845209.00,4.04,-3.26,-0.58,0.24,19.52
547,600007,中国国贸,房地产开发,2024-01-09,17.17,17.48,17.60,17.12,18931,35346868.00,2.79,1.51,0.26,0.19,19.52
548,600007,中国国贸,房地产开发,2024-01-10,17.53,17.48,17.74,17.29,21443,40357902.00,2.57,0.00,0.00,0.21,19.52
549,600007,中国国贸,房地产开发,2024-01-11,17.43,16.85,17.52,16.75,29675,54359675.00,4.41,-3.60,-0.63,0.29,19.52
550,600007,中国国贸,房地产开发,2024-01-12,16.81,16.85,17.08,16.79,21886,39869526.00,1.72,0.00,0.00,0.22,19.52
551,600007,中国国贸,房地产开发,2024-01-15,16.90,16.97,17.23,16.85,20846,38222881.00,2.26,0.71,0.12,0.21,19.52
552,600007,中国国贸,房地产开发,2024-01-16,17.06,16.78,17.17,16.53,18413,33333131.00,3.77,-1.12,-0.19,0.18,19.52
553,600007,中国国贸,房地产开发,2024-01-17,16.81,16.36,16.85,16.36,18877,33760954.00,2.92,-2.50,-0.42,0.19,19.52
554,600007,中国国贸,房地产开发,2024-01-18,16.34,16.20,16.45,15.71,30550,53014658.00,4.52,-0.98,-0.16,0.30,19.52
555,600007,中国国贸,房地产开发,2024-01-19,16.19,15.74,16.23,15.74,31202,53721103.00,3.02,-2.84,-0.46,0.31,19.52
556,600007,中国国贸,房地产开发,2024-01-22,15.71,15.39,16.11,15.25,31366,53234120.00,5.46,-2.22,-0.35,0.31,19.52
557,600007,中国国贸,房地产开发,2024-01-23,15.37,15.56,15.65,15.22,23283,38972073.00,2.79,1.10,0.17,0.23,19.52
558,600007,中国国贸,房地产开发,2024-01-24,15.59,15.89,15.89,15.34,21618,36711652.00,3.53,2.12,0.33,0.21,19.52
559,600007,中国国贸,房地产开发,2024-01-25,15.99,16.60,16.65,15.89,33695,59376684.00,4.78,4.47,0.71,0.33,19.52
560,600007,中国国贸,房地产开发,2024-01-26,16.75,16.83,17.09,16.69,31971,58166498.00,2.41,1.39,0.23,0.32,19.52
561,600007,中国国贸,房地产开发,2024-01-29,16.86,16.68,17.02,16.61,37685,68439770.00,2.44,-0.89,-0.15,0.37,19.52
562,600007,中国国贸,房地产开发,2024-01-30,16.30,16.36,16.76,16.22,24311,43416646.00,3.24,-1.92,-0.32,0.24,19.52
563,600007,中国国贸,房地产开发,2024-01-31,16.37,15.86,16.46,15.83,32002,55546843.00,3.85,-3.06,-0.50,0.32,19.52
564,600007,中国国贸,房地产开发,2024-02-01,15.79,16.11,16.32,15.74,32304,56063742.00,3.66,1.58,0.25,0.32,19.52
565,600007,中国国贸,房地产开发,2024-02-02,16.01,16.06,16.45,15.66,36921,64127956.00,4.90,-0.31,-0.05,0.37,19.52
566,600007,中国国贸,房地产开发,2024-02-05,15.86,15.91,16.30,15.54,38976,66753337.00,4.73,-0.93,-0.15,0.39,19.52
567,600007,中国国贸,房地产开发,2024-02-06,15.75,16.52,16.65,15.41,47851,83044950.00,7.79,3.83,0.61,0.48,19.52
568,600007,中国国贸,房地产开发,2024-02-07,16.49,17.70,17.79,16.31,53283,97620091.00,8.96,7.14,1.18,0.53,19.52
569,600007,中国国贸,房地产开发,2024-02-08,17.64,17.66,18.35,17.31,55439,106369934.00,5.88,-0.23,-0.04,0.55,19.52
570,600007,中国国贸,房地产开发,2024-02-19,17.80,17.66,17.97,17.42,36267,68989935.00,3.11,0.00,0.00,0.36,19.52
571,600007,中国国贸,房地产开发,2024-02-20,17.63,17.68,17.80,17.34,28584,54006699.00,2.60,0.11,0.02,0.28,19.52
572,600007,中国国贸,房地产开发,2024-02-21,17.59,17.75,18.10,17.48,27606,52631930.00,3.51,0.40,0.07,0.27,19.52
573,600007,中国国贸,房地产开发,2024-02-22,17.81,17.81,17.88,17.55,18464,35109121.00,1.86,0.34,0.06,0.18,19.52
574,600007,中国国贸,房地产开发,2024-02-23,17.84,17.82,17.88,17.66,16861,32140802.00,1.24,0.06,0.01,0.17,19.52
575,600007,中国国贸,房地产开发,2024-02-26,17.78,17.54,17.84,17.51,18299,34653049.00,1.85,-1.57,-0.28,0.18,19.52
576,600007,中国国贸,房地产开发,2024-02-27,17.54,17.75,17.77,17.43,19278,36448650.00,1.94,1.20,0.21,0.19,19.52
577,600007,中国国贸,房地产开发,2024-02-28,17.82,17.73,18.05,17.65,37384,71643376.00,2.25,-0.11,-0.02,0.37,19.52
578,600007,中国国贸,房地产开发,2024-02-29,17.80,17.84,17.96,17.68,27356,52300120.00,1.58,0.62,0.11,0.27,19.52
579,600007,中国国贸,房地产开发,2024-03-01,17.80,17.75,17.87,17.52,22001,41801598.00,1.96,-0.50,-0.09,0.22,19.52
580,600007,中国国贸,房地产开发,2024-03-04,17.74,17.59,17.75,17.47,20105,37950667.00,1.58,-0.90,-0.16,0.20,19.52
581,600007,中国国贸,房地产开发,2024-03-05,17.58,17.68,17.80,17.53,19518,37077649.00,1.53,0.51,0.09,0.19,19.52
582,600007,中国国贸,房地产开发,2024-03-06,17.64,17.53,17.78,17.44,18862,35614455.00,1.92,-0.85,-0.15,0.19,19.52
583,600007,中国国贸,房地产开发,2024-03-07,17.60,17.45,17.73,17.43,16256,30699114.00,1.71,-0.46,-0.08,0.16,19.52
584,600007,中国国贸,房地产开发,2024-03-08,17.42,17.52,17.60,17.36,12571,23600703.00,1.38,0.40,0.07,0.12,19.52
585,600007,中国国贸,房地产开发,2024-03-11,17.46,17.57,17.60,17.31,14003,26284864.00,1.66,0.29,0.05,0.14,19.52
586,600007,中国国贸,房地产开发,2024-03-12,17.58,17.69,17.77,17.45,16013,30273123.00,1.82,0.68,0.12,0.16,19.52
587,600007,中国国贸,房地产开发,2024-03-13,17.72,17.57,17.79,17.43,11177,21081185.00,2.04,-0.68,-0.12,0.11,19.52
588,600007,中国国贸,房地产开发,2024-03-14,17.52,17.87,17.91,17.52,24730,47238883.00,2.22,1.71,0.30,0.25,19.52
589,600007,中国国贸,房地产开发,2024-03-15,17.89,18.32,18.44,17.87,38897,75910623.00,3.19,2.52,0.45,0.39,19.52
590,600007,中国国贸,房地产开发,2024-03-18,18.33,18.45,18.54,18.07,40955,80487853.00,2.57,0.71,0.13,0.41,19.52
591,600007,中国国贸,房地产开发,2024-03-19,18.41,18.25,18.45,18.15,25599,50015705.00,1.63,-1.08,-0.20,0.25,19.52
592,600007,中国国贸,房地产开发,2024-03-20,18.17,18.15,18.35,18.04,16977,33090272.00,1.70,-0.55,-0.10,0.17,19.52
593,600007,中国国贸,房地产开发,2024-03-21,18.14,18.45,18.50,18.13,26544,52223465.00,2.04,1.65,0.30,0.26,19.52
594,600007,中国国贸,房地产开发,2024-03-22,18.41,19.23,19.38,18.38,50831,103347322.00,5.42,4.23,0.78,0.50,19.52
595,600007,中国国贸,房地产开发,2024-03-25,19.25,19.90,20.36,19.10,56095,118417097.00,6.55,3.48,0.67,0.56,19.52
596,600007,中国国贸,房地产开发,2024-03-26,19.92,20.22,20.58,19.90,43168,92991162.00,3.42,1.61,0.32,0.43,19.52
597,600007,中国国贸,房地产开发,2024-03-27,20.22,20.40,20.68,20.06,40736,88291630.00,3.07,0.89,0.18,0.40,19.52
598,600007,中国国贸,房地产开发,2024-03-28,20.26,20.69,20.98,20.25,49040,107951519.00,3.58,1.42,0.29,0.49,19.52
599,600007,中国国贸,房地产开发,2024-03-29,20.80,22.89,22.89,20.80,59507,141644723.00,10.10,10.63,2.20,0.59,19.52
600,600007,中国国贸,房地产开发,2024-04-01,22.99,23.72,24.39,22.55,125421,311793852.00,8.04,3.63,0.83,1.25,19.52
601,600007,中国国贸,房地产开发,2024-04-02,23.63,23.41,24.00,23.19,65441,162189753.00,3.41,-1.31,-0.31,0.65,19.52
602,600007,中国国贸,房地产开发,2024-04-03,23.09,22.54,23.49,22.41,62201,150200815.00,4.61,-3.72,-0.87,0.62,19.52
603,600007,中国国贸,房地产开发,2024-04-08,22.33,22.05,22.69,21.88,34517,81409208.00,3.59,-2.17,-0.49,0.34,19.52
604,600007,中国国贸,房地产开发,2024-04-09,22.00,21.98,22.12,21.35,40283,92853245.00,3.49,-0.32,-0.07,0.40,19.52
605,600007,中国国贸,房地产开发,2024-04-10,21.88,21.81,22.05,21.59,22108,51108197.00,2.09,-0.77,-0.17,0.22,19.52
606,600007,中国国贸,房地产开发,2024-04-11,21.55,21.60,21.95,21.50,23544,54034106.00,2.06,-0.96,-0.21,0.23,19.52
607,600007,中国国贸,房地产开发,2024-04-12,21.60,21.63,21.89,21.55,19242,44241789.00,1.57,0.14,0.03,0.19,19.52
608,600007,中国国贸,房地产开发,2024-04-15,21.64,22.00,22.05,21.34,38332,88547333.00,3.28,1.71,0.37,0.38,19.52
609,600007,中国国贸,房地产开发,2024-04-16,21.75,21.43,22.26,21.42,42396,97765005.00,3.82,-2.59,-0.57,0.42,19.52
610,600007,中国国贸,房地产开发,2024-04-17,21.22,21.88,21.97,21.18,35182,80828542.00,3.69,2.10,0.45,0.35,19.52
611,600007,中国国贸,房地产开发,2024-04-18,21.89,21.70,22.00,21.66,24313,56167709.00,1.55,-0.82,-0.18,0.24,19.52
612,600007,中国国贸,房地产开发,2024-04-19,21.60,21.96,22.02,21.56,29682,68674231.00,2.12,1.20,0.26,0.29,19.52
613,600007,中国国贸,房地产开发,2024-04-22,22.04,21.68,22.20,21.62,24891,57666102.00,2.64,-1.28,-0.28,0.25,19.52
614,600007,中国国贸,房地产开发,2024-04-23,21.54,21.50,21.66,21.21,20807,47305756.00,2.08,-0.83,-0.18,0.21,19.52
615,600007,中国国贸,房地产开发,2024-04-24,22.41,21.54,22.41,21.26,25197,57366073.00,5.35,0.19,0.04,0.25,19.52
616,600007,中国国贸,房地产开发,2024-04-25,21.62,21.69,21.88,21.34,19199,44183902.00,2.51,0.70,0.15,0.19,19.52
617,600007,中国国贸,房地产开发,2024-04-26,21.79,21.53,21.84,21.31,30872,70782058.00,2.44,-0.74,-0.16,0.31,19.52
618,600007,中国国贸,房地产开发,2024-04-29,21.40,22.24,22.27,21.35,49877,116217613.00,4.27,3.30,0.71,0.50,19.52
619,600007,中国国贸,房地产开发,2024-04-30,22.24,21.99,22.34,21.75,30709,71745734.00,2.65,-1.12,-0.25,0.30,19.52
620,600007,中国国贸,房地产开发,2024-05-06,22.28,22.24,22.48,22.03,35304,83251271.00,2.05,1.14,0.25,0.35,19.52
621,600007,中国国贸,房地产开发,2024-05-07,22.08,22.31,22.42,21.89,26851,63064924.00,2.38,0.31,0.07,0.27,19.52
622,600007,中国国贸,房地产开发,2024-05-08,22.23,22.03,22.39,21.96,21554,50574604.00,1.93,-1.26,-0.28,0.21,19.52
623,600007,中国国贸,房地产开发,2024-05-09,22.06,22.52,22.57,21.92,23302,55187868.00,2.95,2.22,0.49,0.23,19.52
624,600007,中国国贸,房地产开发,2024-05-10,22.63,22.75,22.88,22.40,25518,61067537.00,2.13,1.02,0.23,0.25,19.52
625,600007,中国国贸,房地产开发,2024-05-13,22.73,22.76,22.94,22.20,29999,71754197.00,3.25,0.04,0.01,0.30,19.52
626,600007,中国国贸,房地产开发,2024-05-14,22.85,22.97,23.30,22.70,22732,55134174.00,2.64,0.92,0.21,0.23,19.52
627,600007,中国国贸,房地产开发,2024-05-15,22.76,22.89,23.38,22.76,25968,63245989.00,2.70,-0.35,-0.08,0.26,19.52
628,600007,中国国贸,房地产开发,2024-05-16,22.89,22.95,23.25,22.47,29689,72062487.00,3.41,0.26,0.06,0.29,19.52
629,600007,中国国贸,房地产开发,2024-05-17,22.88,23.45,23.50,22.70,38661,94470987.00,3.49,2.18,0.50,0.38,19.52
630,600007,中国国贸,房地产开发,2024-05-20,23.54,23.71,24.07,23.21,55850,139642196.00,3.67,1.11,0.26,0.55,19.52
631,600007,中国国贸,房地产开发,2024-05-21,23.74,24.01,24.15,23.70,34183,86266269.00,1.90,1.27,0.30,0.34,19.52
632,600007,中国国贸,房地产开发,2024-05-22,23.96,23.50,24.38,23.46,43879,110717552.00,3.83,-2.12,-0.51,0.44,19.52
633,600007,中国国贸,房地产开发,2024-05-23,23.22,23.92,23.96,23.20,42397,106012399.00,3.23,1.79,0.42,0.42,19.52
634,600007,中国国贸,房地产开发,2024-05-24,23.74,23.30,23.74,23.19,32036,79160260.00,2.30,-2.59,-0.62,0.32,19.52
635,600007,中国国贸,房地产开发,2024-05-27,23.14,23.29,23.31,22.70,29812,72676476.00,2.62,-0.04,-0.01,0.30,19.52
636,600007,中国国贸,房地产开发,2024-05-28,23.27,23.35,23.78,23.18,23268,57694828.00,2.58,0.26,0.06,0.23,19.52
637,600007,中国国贸,房地产开发,2024-05-29,23.22,23.26,23.46,23.11,21075,51776238.00,1.50,-0.39,-0.09,0.21,19.52
638,600007,中国国贸,房地产开发,2024-05-30,23.50,23.06,23.50,23.03,15270,37448145.00,2.02,-0.86,-0.20,0.15,19.52
639,600007,中国国贸,房地产开发,2024-05-31,23.13,23.12,23.40,22.95,16121,39436084.00,1.95,0.26,0.06,0.16,19.52
640,600007,中国国贸,房地产开发,2024-06-03,23.10,22.91,23.31,22.78,19877,48400304.00,2.29,-0.91,-0.21,0.20,19.52
641,600007,中国国贸,房地产开发,2024-06-04,22.82,23.38,23.45,22.76,21263,52106127.00,3.01,2.05,0.47,0.21,19.52
642,600007,中国国贸,房地产开发,2024-06-05,23.47,23.05,23.68,23.05,16840,41534688.00,2.69,-1.41,-0.33,0.17,19.52
643,600007,中国国贸,房地产开发,2024-06-06,23.04,23.11,23.35,23.04,17652,43274451.00,1.34,0.26,0.06,0.18,19.52
644,600007,中国国贸,房地产开发,2024-06-07,23.33,23.45,23.50,23.12,17646,43502705.00,1.64,1.47,0.34,0.18,19.52
645,600007,中国国贸,房地产开发,2024-06-11,23.40,23.16,23.59,23.05,27676,68193525.00,2.30,-1.24,-0.29,0.27,19.52
646,600007,中国国贸,房地产开发,2024-06-12,23.02,23.36,23.51,23.02,13719,33823608.00,2.12,0.86,0.20,0.14,19.52
647,600007,中国国贸,房地产开发,2024-06-13,23.44,23.49,23.60,23.20,11501,28414866.00,1.71,0.56,0.13,0.11,19.52
648,600007,中国国贸,房地产开发,2024-06-14,23.69,22.66,23.69,22.58,28390,68662060.00,4.73,-3.53,-0.83,0.28,19.52
649,600007,中国国贸,房地产开发,2024-06-17,22.50,23.02,23.09,22.50,23845,57620814.00,2.60,1.59,0.36,0.24,19.52
650,600007,中国国贸,房地产开发,2024-06-18,23.12,23.10,23.43,22.71,19976,48621085.00,3.13,0.35,0.08,0.20,19.52
651,600007,中国国贸,房地产开发,2024-06-19,23.00,22.65,23.22,22.65,15658,37851506.00,2.47,-1.95,-0.45,0.16,19.52
652,600007,中国国贸,房地产开发,2024-06-20,22.53,22.42,22.81,22.35,18184,43317509.00,2.03,-1.02,-0.23,0.18,19.52
653,600007,中国国贸,房地产开发,2024-06-21,22.29,22.44,22.83,22.21,19672,46867673.00,2.77,0.09,0.02,0.20,19.52
654,600007,中国国贸,房地产开发,2024-06-24,22.38,22.21,22.46,21.87,25991,57904068.00,2.63,-1.02,-0.23,0.26,19.52
655,600007,中国国贸,房地产开发,2024-06-25,22.15,22.71,23.06,22.11,18664,42321286.00,4.28,2.25,0.50,0.19,19.52
656,600007,中国国贸,房地产开发,2024-06-26,22.61,22.85,23.06,22.61,20913,47771541.00,1.98,0.62,0.14,0.21,19.52
657,600007,中国国贸,房地产开发,2024-06-27,22.97,22.42,22.99,22.28,17211,38832805.00,3.11,-1.88,-0.43,0.17,19.52
658,600007,中国国贸,房地产开发,2024-06-28,22.42,21.96,22.63,21.96,18869,42059871.00,2.99,-2.05,-0.46,0.19,19.52
659,600007,中国国贸,房地产开发,2024-07-01,21.86,22.82,22.99,21.86,25542,57593571.00,5.15,3.92,0.86,0.25,19.52
660,600007,中国国贸,房地产开发,2024-07-02,22.90,22.67,22.98,22.56,17399,39561895.00,1.84,-0.66,-0.15,0.17,19.52
661,600007,中国国贸,房地产开发,2024-07-03,22.75,22.91,23.20,22.74,18959,43536268.00,2.03,1.06,0.24,0.19,19.52
662,600007,中国国贸,房地产开发,2024-07-04,23.00,22.48,23.12,22.33,16962,38585113.00,3.45,-1.88,-0.43,0.17,19.52
663,600007,中国国贸,房地产开发,2024-07-05,22.34,22.36,22.69,21.98,12701,28275061.00,3.16,-0.53,-0.12,0.13,19.52
664,600007,中国国贸,房地产开发,2024-07-08,22.05,21.95,22.33,21.83,19270,42558243.00,2.24,-1.83,-0.41,0.19,19.52
665,600007,中国国贸,房地产开发,2024-07-09,21.88,22.50,22.65,21.88,16697,37205818.00,3.51,2.51,0.55,0.17,19.52
666,600007,中国国贸,房地产开发,2024-07-10,22.44,22.20,22.44,22.00,13407,29758659.00,1.96,-1.33,-0.30,0.13,19.52
667,600007,中国国贸,房地产开发,2024-07-11,22.16,22.40,22.53,22.16,9933,22230296.00,1.67,0.90,0.20,0.10,19.52
668,600007,中国国贸,房地产开发,2024-07-12,22.47,22.30,22.73,22.28,11746,26413063.00,2.01,-0.45,-0.10,0.12,19.52
669,600007,中国国贸,房地产开发,2024-07-15,22.29,22.17,22.45,22.07,15236,33901459.00,1.70,-0.58,-0.13,0.15,19.52
670,600007,中国国贸,房地产开发,2024-07-16,22.13,21.86,22.50,21.79,13346,29282739.00,3.20,-1.40,-0.31,0.13,19.52
671,600007,中国国贸,房地产开发,2024-07-17,21.86,21.95,22.09,21.66,12407,27200006.00,1.97,0.41,0.09,0.12,19.52
672,600007,中国国贸,房地产开发,2024-07-18,21.81,22.28,22.33,21.75,13986,30873378.00,2.64,1.50,0.33,0.14,19.52
673,600007,中国国贸,房地产开发,2024-07-19,22.37,21.82,22.37,21.73,13134,28737775.00,2.87,-2.06,-0.46,0.13,19.52
674,600007,中国国贸,房地产开发,2024-07-22,21.80,21.69,21.95,21.57,11946,25944779.00,1.74,-0.60,-0.13,0.12,19.52
675,600007,中国国贸,房地产开发,2024-07-23,21.74,21.35,21.76,21.35,12091,26044149.00,1.89,-1.57,-0.34,0.12,19.52
676,600007,中国国贸,房地产开发,2024-07-24,21.20,21.30,21.48,21.10,19346,41219187.00,1.78,-0.23,-0.05,0.19,19.52
677,600007,中国国贸,房地产开发,2024-07-25,21.30,21.60,21.71,21.00,19325,41596534.00,3.33,1.41,0.30,0.19,19.52
678,600007,中国国贸,房地产开发,2024-07-26,21.44,21.62,21.69,20.82,15483,33181141.00,4.03,0.09,0.02,0.15,19.52
679,600007,中国国贸,房地产开发,2024-07-29,21.42,21.29,22.00,21.08,14514,31031672.00,4.26,-1.53,-0.33,0.14,19.52
680,600007,中国国贸,房地产开发,2024-07-30,21.02,20.79,21.26,20.61,29198,61003804.00,3.05,-2.35,-0.50,0.29,19.52
681,600007,中国国贸,房地产开发,2024-07-31,20.83,21.38,21.44,20.53,26530,55872921.00,4.38,2.84,0.59,0.26,19.52
682,600007,中国国贸,房地产开发,2024-08-01,21.42,21.17,21.51,20.95,19757,41861444.00,2.62,-0.98,-0.21,0.20,19.52
683,600007,中国国贸,房地产开发,2024-08-02,21.06,21.36,21.65,21.01,16680,35746108.00,3.02,0.90,0.19,0.17,19.52
684,600007,中国国贸,房地产开发,2024-08-05,21.35,21.08,21.68,21.02,18950,40360926.00,3.09,-1.31,-0.28,0.19,19.52
685,600007,中国国贸,房地产开发,2024-08-06,21.22,21.31,21.49,20.96,14622,30974156.00,2.51,1.09,0.23,0.15,19.52
686,600007,中国国贸,房地产开发,2024-08-07,21.23,21.01,21.31,20.96,12302,25902490.00,1.64,-1.41,-0.30,0.12,19.52
687,600007,中国国贸,房地产开发,2024-08-08,20.90,21.37,21.50,20.90,14462,30747874.00,2.86,1.71,0.36,0.14,19.52
688,600007,中国国贸,房地产开发,2024-08-09,21.39,21.55,21.80,21.27,13361,28895121.00,2.48,0.84,0.18,0.13,19.52
689,600007,中国国贸,房地产开发,2024-08-12,21.45,21.57,21.73,21.32,11230,24197326.00,1.90,0.09,0.02,0.11,19.52
690,600007,中国国贸,房地产开发,2024-08-13,21.58,21.46,21.71,21.21,13765,29508301.00,2.32,-0.51,-0.11,0.14,19.52
691,600007,中国国贸,房地产开发,2024-08-14,21.55,21.26,21.55,21.24,9487,20260962.00,1.44,-0.93,-0.20,0.09,19.52
692,600007,中国国贸,房地产开发,2024-08-15,21.24,21.54,21.80,21.14,14382,30977203.00,3.10,1.32,0.28,0.14,19.52
693,600007,中国国贸,房地产开发,2024-08-16,21.43,21.19,21.53,21.12,10553,22488166.00,1.90,-1.62,-0.35,0.10,19.52
694,600007,中国国贸,房地产开发,2024-08-19,21.18,21.27,21.56,21.13,9647,20578169.00,2.03,0.38,0.08,0.10,19.52
695,600007,中国国贸,房地产开发,2024-08-20,21.27,21.00,21.35,20.86,12876,27045978.00,2.30,-1.27,-0.27,0.13,19.52
696,600007,中国国贸,房地产开发,2024-08-21,20.96,20.94,21.06,20.59,10754,22385683.00,2.24,-0.29,-0.06,0.11,19.52
697,600007,中国国贸,房地产开发,2024-08-22,20.86,21.14,21.24,20.85,10853,22879858.00,1.86,0.96,0.20,0.11,19.52
698,600007,中国国贸,房地产开发,2024-08-23,21.06,21.37,21.61,21.06,13901,29767844.00,2.60,1.09,0.23,0.14,19.52
699,600007,中国国贸,房地产开发,2024-08-26,21.51,21.42,21.51,21.02,16058,34258064.00,2.29,0.23,0.05,0.16,19.52
700,600007,中国国贸,房地产开发,2024-08-27,21.31,21.17,21.65,20.82,19478,41183803.00,3.87,-1.17,-0.25,0.19,19.52
701,600007,中国国贸,房地产开发,2024-08-28,20.96,21.14,21.37,20.96,13037,27615994.00,1.94,-0.14,-0.03,0.13,19.52
702,600007,中国国贸,房地产开发,2024-08-29,21.04,21.24,21.28,20.86,14496,30567855.00,1.99,0.47,0.10,0.14,19.52
703,600007,中国国贸,房地产开发,2024-08-30,21.05,21.51,21.88,20.96,17630,37813976.00,4.33,1.27,0.27,0.18,19.52
704,600007,中国国贸,房地产开发,2024-09-02,21.47,21.28,21.53,20.75,23948,50754530.00,3.63,-1.07,-0.23,0.24,19.52
705,600007,中国国贸,房地产开发,2024-09-03,21.28,21.43,21.68,21.02,21085,45096189.00,3.10,0.70,0.15,0.21,19.52
706,600007,中国国贸,房地产开发,2024-09-04,21.30,21.29,21.59,21.13,12070,25821356.00,2.15,-0.65,-0.14,0.12,19.52
707,600007,中国国贸,房地产开发,2024-09-05,21.37,21.98,22.02,21.35,15973,34783439.00,3.15,3.24,0.69,0.16,19.52
708,600007,中国国贸,房地产开发,2024-09-06,22.00,21.83,22.12,21.70,11540,25275416.00,1.91,-0.68,-0.15,0.11,19.52
709,600007,中国国贸,房地产开发,2024-09-09,21.86,22.65,22.72,21.73,26006,58262090.00,4.54,3.76,0.82,0.26,19.52
710,600007,中国国贸,房地产开发,2024-09-10,22.63,22.75,22.80,22.20,22633,50927900.00,2.65,0.44,0.10,0.22,19.52
711,600007,中国国贸,房地产开发,2024-09-11,22.60,23.36,23.65,22.51,35229,82064298.00,5.01,2.68,0.61,0.35,19.52
712,600007,中国国贸,房地产开发,2024-09-12,23.38,23.40,24.01,23.22,36883,86914749.00,3.38,0.17,0.04,0.37,19.52
713,600007,中国国贸,房地产开发,2024-09-13,23.40,23.26,23.69,23.04,45223,105658637.00,2.78,-0.60,-0.14,0.45,19.52
714,600007,中国国贸,房地产开发,2024-09-18,23.20,23.99,24.16,23.15,32695,77896218.00,4.34,3.14,0.73,0.32,19.52
715,600007,中国国贸,房地产开发,2024-09-19,24.00,24.44,24.47,23.89,31337,76187256.00,2.42,1.88,0.45,0.31,19.52
716,600007,中国国贸,房地产开发,2024-09-20,24.28,24.60,25.04,24.09,41419,101849173.00,3.89,0.65,0.16,0.41,19.52
717,600007,中国国贸,房地产开发,2024-09-23,24.60,25.28,25.34,24.34,36855,92600245.00,4.07,2.76,0.68,0.37,19.52
718,600007,中国国贸,房地产开发,2024-09-24,25.44,25.42,25.60,24.72,34426,86532905.00,3.48,0.55,0.14,0.34,19.52
719,600007,中国国贸,房地产开发,2024-09-25,25.50,25.71,25.93,25.48,26511,68096876.00,1.77,1.14,0.29,0.26,19.52
720,600007,中国国贸,房地产开发,2024-09-26,25.58,26.14,26.29,25.36,45624,118646196.00,3.62,1.67,0.43,0.45,19.52
721,600007,中国国贸,房地产开发,2024-09-27,26.28,26.32,26.50,25.75,29511,77089840.00,2.87,0.69,0.18,0.29,19.52
722,600007,中国国贸,房地产开发,2024-09-30,26.82,27.59,28.00,26.54,117897,322779454.00,5.55,4.83,1.27,1.17,19.52
